age,income,gender,city,purchase_amount,num_purchases,is_member,num_sum,num_mean
-1.6871862990912345,0.43996182549658763,-0.9641673964247316,1.3811468071660313,-0.9214528861083049,0.47225764493478917,0.6418856341919286,0.38261498237803415,0.3826149823780335
0.7503095956836869,-0.3757183141249573,-0.9641673964247316,0.47866954885893237,-0.213186805380695,-0.40185073865759136,0.6418856341919286,-0.38750758430463367,-0.387507584304634
-0.1914501818429872,-0.6230282433422203,1.0371642971004211,-1.3262849677552655,-0.9470366658229418,-1.2759591222499718,0.6418856341919286,-0.679868545906852,-0.6798685459068524
-0.523835985675931,0.3882804714958034,-0.9641673964247316,-0.4238077094481666,-0.9039764015438245,0.47225764493478917,0.6418856341919286,0.33331966167469634,0.3333196616746961
-1.5209933971747625,0.6452533800497631,-0.9641673964247316,1.3811468071660313,-0.5368803636378033,2.2204744121195503,-1.5579099246533263,0.6112256246284296,0.6112256246284291
0.030140354045642005,-1.5459362827000123,1.0371642971004211,0.47866954885893237,-0.819009286153635,1.7834202203233598,0.6418856341919286,-1.5938235171762847,-1.5938235171762851
1.1380930334887882,1.2455425931662303,1.0371642971004211,-0.4238077094481666,-0.8634349637342326,-1.2759591222499718,0.6418856341919286,1.1942051753046559,1.1942051753046556
0.9165024976001589,-0.32297714948724504,1.0371642971004211,1.3811468071660313,1.323515466787649,0.9093118367309794,-1.5579099246533263,-0.24226746721409376,-0.24226746721409412
-1.1332099593696614,0.5597204274694543,1.0371642971004211,-1.3262849677552655,-0.4944666418890875,0.035203453138598906,-1.5579099246533263,0.5284720222022233,0.5284720222022231
1.5258764712938893,0.08473823671918293,-0.9641673964247316,0.47866954885893237,0.6200469675526998,0.035203453138598906,0.6418856341919286,0.1235889152442314,0.12358891524423095
-0.0252572799265153,-0.7228998104221435,1.0371642971004211,-0.4238077094481666,1.0934906421394648,-0.8389049304537816,-1.5579099246533263,-0.6571266891648232,-0.6571266891648238
-0.523835985675931,-0.453333857829392,1.0371642971004211,-0.4238077094481666,2.0455016010932714,-0.8389049304537816,-1.5579099246533263,-0.33112168263290703,-0.3311216826329074
-1.1332099593696614,-0.113571035990702,1.0371642971004211,-1.3262849677552655,1.8551571469284327,-1.2759591222499718,0.6418856341919286,-0.003715650014831273,-0.003715650014831726
0.9165024976001589,0.605479310263876,-0.9641673964247316,0.47866954885893237,-0.5357981827187507,-1.713013314046162,0.6418856341919286,0.5738445206968407,0.5738445206968402
-1.6317886651190772,-1.1564247027278773,-0.9641673964247316,-1.3262849677552655,-0.5515616336474949,-0.40185073865759136,0.6418856341919286,-1.1907389527504337,-1.1907389527504342
-0.9670170574531894,0.9463642845416663,-0.9641673964247316,1.3811468071660313,0.1045471185187313,0.9093118367309794,0.6418856341919286,0.9511912162153183,0.9511912162153179
1.3596835693774174,-0.6237763449682872,1.0371642971004211,1.3811468071660313,-0.07657382169293986,0.9093118367309794,0.6418856341919286,-0.6262965875125704,-0.6262965875125709
0.6395143277393723,-0.29548441472928866,1.0371642971004211,0.47866954885893237,0.3970598969499547,0.9093118367309794,0.6418856341919286,-0.2706610604681319,-0.27066106046813243
-1.5763910311469198,0.37618616187438947,1.0371642971004211,-1.3262849677552655,1.0582593468716712,0.035203453138598906,0.6418856341919286,0.43766044334309206,0.4376604433430916
-0.8562217895088748,0.822241756416743,-0.9641673964247316,1.3811468071660313,-0.465936629579307,0.47225764493478917,0.6418856341919286,0.7929280268869292,0.7929280268869285
-0.5792336196480884,-0.9086160390932366,-0.9641673964247316,-0.4238077094481666,0.24712381192327265,-0.8389049304537816,0.6418856341919286,-0.8940536903091741,-0.8940536903091747
0.36252615787858583,0.7209363278868585,1.0371642971004211,-0.4238077094481666,0.6009703941065635,1.3463660285271697,0.6418856341919286,0.7572200543137733,0.757220054313773
-0.35764308375945913,0.2384107790737464,1.0371642971004211,1.3811468071660313,0.2032523817710676,0.035203453138598906,0.6418856341919286,0.2500602251130267,0.25006022511302606
0.19633325596211393,0.6319122343849044,1.0371642971004211,-1.3262849677552655,-0.6668730392186778,-1.2759591222499718,0.6418856341919286,0.5915918583870534,0.5915918583870532
-0.35764308375945913,0.4088532662126415,-0.9641673964247316,0.47866954885893237,-0.45686962532586367,2.65752860391574,0.6418856341919286,0.38119191405550557,0.3811919140555051
-1.7425839330633917,-0.08620298483709009,-0.9641673964247316,1.3811468071660313,1.5136616484182612,-1.2759591222499718,-1.5579099246533263,0.002472071365603318,0.002472071365602638
0.14093562198995663,0.6264884975959198,-0.9641673964247316,0.47866954885893237,-1.006604969171083,-0.40185073865759136,-1.5579099246533263,0.5658599741782281,0.5658599741782279
-0.46843835170377374,-0.5803864506564104,-0.9641673964247316,1.3811468071660313,-1.0386443117610167,-0.8389049304537816,-1.5579099246533263,-0.6429940224005524,-0.6429940224005527
-0.41304071773161644,1.3617477124152795,-0.9641673964247316,0.47866954885893237,-0.4548522501148247,0.47225764493478917,0.6418856341919286,1.3333510102284682,1.333351010228468
1.470478837321732,-1.610085997135244,-0.9641673964247316,0.47866954885893237,0.2513892747507326,-0.40185073865759136,0.6418856341919286,-1.5924991638145802,-1.5924991638145807
-0.1360525478708299,2.334903244323894,1.0371642971004211,0.47866954885893237,2.1238244249255427,0.47225764493478917,-1.5579099246533263,2.4607790313701097,2.4607790313701092
1.5812741052660466,0.2806161791443506,-0.9641673964247316,1.3811468071660313,0.06749859277604053,0.035203453138598906,0.6418856341919286,0.2863434296836867,0.2863434296836865
1.1380930334887882,2.255043395741259,-0.9641673964247316,-1.3262849677552655,0.40471598116914664,2.2204744121195503,-1.5579099246533263,2.2796153371804215,2.279615337180421
-1.7425839330633917,-0.1008533083475657,-0.9641673964247316,1.3811468071660313,-0.08425069216107482,0.47225764493478917,-1.5579099246533263,-0.10774665804861833,-0.107746658048619
-1.5763910311469198,0.3978187672281556,-0.9641673964247316,-1.3262849677552655,-1.01618741371938,-1.2759591222499718,0.6418856341919286,0.33475253008268085,0.33475253008268013
0.41792379185074313,1.5366788093105757,1.0371642971004211,1.3811468071660313,0.09110550951973215,-0.40185073865759136,-1.5579099246533263,1.5416082758938103,1.54160827589381
-1.410198129230448,-1.1825459178380446,1.0371642971004211,0.47866954885893237,2.0311658328040303,0.47225764493478917,0.6418856341919286,-1.061586517744724,-1.0615865177447243
1.5258764712938893,-1.3166431343105258,-0.9641673964247316,-1.3262849677552655,-0.44009996773059257,2.65752860391574,0.6418856341919286,-1.3401315814265222,-1.3401315814265229
0.19633325596211393,0.8470537936812933,1.0371642971004211,1.3811468071660313,-0.8749575270350717,-0.8389049304537816,-1.5579099246533263,0.7941316913594592,0.7941316913594585
-0.8008241555367176,-0.25963787848025255,-0.9641673964247316,-1.3262849677552655,-0.9518315859620451,2.65752860391574,-1.5579099246533263,-0.3171604103828422,-0.31716041038284254
1.30428593540526,0.016536305142755992,1.0371642971004211,1.3811468071660313,-0.07028856656168811,-0.8389049304537816,0.6418856341919286,0.013715368206311404,0.013715368206310951
-0.8562217895088748,0.8916281822344425,-0.9641673964247316,0.47866954885893237,1.1908369549731357,0.035203453138598906,-1.5579099246533263,0.9615683621691103,0.9615683621691099
-0.9670170574531894,2.4073444184480333,-0.9641673964247316,-1.3262849677552655,-1.0401042738446338,-1.2759591222499718,-1.5579099246533263,2.342318050656879,2.3423180506568784
0.36252615787858583,-0.8632935489140205,1.0371642971004211,0.47866954885893237,0.08604905330710226,-0.40185073865759136,0.6418856341919286,-0.857232868406446,-0.8572328684064465
1.2488883014331027,1.2390590457403177,-0.9641673964247316,-0.4238077094481666,-0.03102743621865828,0.47225764493478917,0.6418856341919286,1.2379559300460223,1.237955930046022
-1.0224146914253467,1.0962963187658956,-0.9641673964247316,1.3811468071660313,-0.8012619068154393,-0.40185073865759136,-1.5579099246533263,1.0463427767891171,1.0463427767891165
0.5841166937672151,0.281239597166073,1.0371642971004211,-0.4238077094481666,-1.0060777534877403,2.65752860391574,0.6418856341919286,0.22177467283458308,0.22177467283458285
-0.523835985675931,0.39401591729564917,-0.9641673964247316,1.3811468071660313,-0.2255534820149696,-0.40185073865759136,0.6418856341919286,0.37961190034843545,0.379611900348435
1.6366717392382037,0.15175567405433738,1.0371642971004211,-0.4238077094481666,-0.6552102280680504,-0.8389049304537816,-1.5579099246533263,0.11402919202763195,0.11402919202763172
-0.5792336196480884,-3.29206781974219,1.0371642971004211,1.3811468071660313,0.7866467784636253,-0.8389049304537816,0.6418856341919286,-3.243787851993723,-3.2437878519937233
0.25173088993427123,-1.069956623114985,-0.9641673964247316,-0.4238077094481666,3.7429783509090457,-0.8389049304537816,-1.5579099246533263,-0.8447227841446481,-0.8447227841446485
-0.9116194234810322,0.11603382140964576,1.0371642971004211,-0.4238077094481666,-0.3345502298792386,0.47225764493478917,-1.5579099246533263,0.0949407242758372,0.09494072427583675
-1.4655957632026053,0.3803007208177571,1.0371642971004211,0.47866954885893237,0.044595226190659205,-0.40185073865759136,-1.5579099246533263,0.38098371779606927,0.38098371779606904
0.41792379185074313,-0.5463478266703692,1.0371642971004211,-1.3262849677552655,-1.0344024588256913,-0.8389049304537816,0.6418856341919286,-0.6076612728685269,-0.6076612728685273
0.5287190597950577,0.9240459193640056,-0.9641673964247316,1.3811468071660313,-0.7899643584776824,-0.40185073865759136,0.6418856341919286,0.8766752454117761,0.8766752454117757
0.6949119617115297,-2.44559082984756,-0.9641673964247316,0.47866954885893237,0.22191601956375046,-0.40185073865759136,0.6418856341919286,-2.430166094357238,-2.4301660943572383
0.36252615787858583,0.25923294099927346,1.0371642971004211,-1.3262849677552655,0.0008758805764583297,-1.2759591222499718,-1.5579099246533263,0.259357126032712,0.25935712603271155
0.030140354045642005,0.19994588713347636,-0.9641673964247316,-1.3262849677552655,-0.6113814228928398,-0.8389049304537816,-1.5579099246533263,0.1630756723592248,0.16307567235922413
1.5258764712938893,-0.6024554486253821,1.0371642971004211,1.3811468071660313,-1.0439337451026907,0.035203453138598906,0.6418856341919286,-0.6629376672834104,-0.6629376672834107
0.9719001315723161,2.034914492271091,-0.9641673964247316,1.3811468071660313,0.32475985142367764,1.7834202203233598,-1.5579099246533263,2.0545681345569253,2.054568134556925
0.30712852390642853,0.9223003489031829,-0.9641673964247316,-0.4238077094481666,-0.9273691442709115,-0.40185073865759136,-1.5579099246533263,0.8663790456366932,0.8663790456366925
-0.690028887592403,0.4649608881676545,-0.9641673964247316,-1.3262849677552655,0.7216041723665396,0.035203453138598906,0.6418856341919286,0.5072545759841981,0.5072545759841977
0.8057072296558443,1.1835125000048548,1.0371642971004211,1.3811468071660313,0.9782233045983131,-0.8389049304537816,0.6418856341919286,1.2423423443277202,1.24234234432772
-0.0806549138986726,0.8494851239660105,-0.9641673964247316,-0.4238077094481666,1.485526616832591,-0.8389049304537816,0.6418856341919286,0.9379317706425214,0.9379317706425212
-0.0806549138986726,0.6822220687378995,1.0371642971004211,-0.4238077094481666,-0.9791149725143681,-1.2759591222499718,-1.5579099246533263,0.6227740989375641,0.6227740989375634
1.6366717392382037,0.9439329542569491,-0.9641673964247316,1.3811468071660313,-0.4656347964330342,0.47225764493478917,-1.5579099246533263,0.9173092217745482,0.917309221774548
-0.690028887592403,-1.271133618724793,-0.9641673964247316,0.47866954885893237,0.26129452175366996,0.035203453138598906,-1.5579099246533263,-1.2555765028049661,-1.2555765028049664
1.0826953995166309,-1.1273734229156152,1.0371642971004211,1.3811468071660313,-0.871127161252408,-0.8389049304537816,0.6418856341919286,-1.177877772239711,-1.1778777722397114
-0.7454265215645602,0.9383221920614477,-0.9641673964247316,-1.3262849677552655,-0.9934987058557647,-1.2759591222499718,-1.5579099246533263,0.8771175424016614,0.8771175424016607
1.1934906674609453,0.5811036656145315,-0.9641673964247316,-1.3262849677552655,-0.5066099193600588,0.035203453138598906,0.6418856341919286,0.5517939734221571,0.5517939734221564
0.14093562198995663,0.6081600077572822,1.0371642971004211,1.3811468071660313,-0.7101799119444305,0.9093118367309794,0.6418856341919286,0.565505344732787,0.5655053447327862
1.3596835693774174,-0.425155363247541,1.0371642971004211,0.47866954885893237,0.9147272050968688,0.035203453138598906,0.6418856341919286,-0.36846594760414925,-0.3684659476041498
1.0826953995166309,1.438802179900164,-0.9641673964247316,1.3811468071660313,-0.6890111998472941,-1.2759591222499718,-1.5579099246533263,1.3976274570566294,1.3976274570566292
1.3596835693774174,-1.9683019924169158,1.0371642971004211,-0.4238077094481666,1.3561321286390227,-0.40185073865759136,0.6418856341919286,-1.88438408957985,-1.8843840895798507
-0.690028887592403,-0.19249575754075365,1.0371642971004211,-1.3262849677552655,-1.005690678722146,0.47225764493478917,0.6418856341919286,-0.25341119200638645,-0.25341119200638706
-1.0224146914253467,-1.820551921268715,1.0371642971004211,-1.3262849677552655,-0.7766832995755306,-1.2759591222499718,0.6418856341919286,-1.8673638410305864,-1.8673638410305866
-0.0806549138986726,1.2163666297496234,1.0371642971004211,-0.4238077094481666,-0.5798722803490276,-0.40185073865759136,-1.5579099246533263,1.1807425761556427,1.1807425761556423
-1.1886075933418188,-0.570536445913197,-0.9641673964247316,0.47866954885893237,0.950337562777398,-1.2759591222499718,-1.5579099246533263,-0.514805989984525,-0.5148059899845255
0.9165024976001589,-0.4285218205648418,1.0371642971004211,-0.4238077094481666,-0.16915613545985628,0.47225764493478917,0.6418856341919286,-0.43732887316645513,-0.4373288731664556
-1.410198129230448,0.07894044911716493,1.0371642971004211,-0.4238077094481666,1.4688397441529368,-0.8389049304537816,-1.5579099246533263,0.1652069772375812,0.16520697723758074
-0.523835985675931,1.8571780142780445,1.0371642971004211,0.47866954885893237,-0.5778411234651074,-0.40185073865759136,-1.5579099246533263,1.8207486403605326,1.8207486403605317
1.6366717392382037,-1.463956812843521,-0.9641673964247316,1.3811468071660313,-0.7464431440442068,-0.8389049304537816,0.6418856341919286,-1.50616842672505,-1.5061684267250506
-1.4655957632026053,0.14383826517846332,1.0371642971004211,-1.3262849677552655,-0.12443492410983616,-0.8389049304537816,0.6418856341919286,0.13451980144034165,0.13451980144034142
1.1380930334887882,-1.0302448951312704,-0.9641673964247316,-0.4238077094481666,-0.30918171433712566,0.47225764493478917,0.6418856341919286,-1.0467936567881506,-1.046793656788151
-0.9116194234810322,1.39828000848821,-0.9641673964247316,-1.3262849677552655,-0.9925363551720116,-1.2759591222499718,0.6418856341919286,1.3367454856121275,1.336745485612127
0.19633325596211393,0.6635195280862284,1.0371642971004211,-1.3262849677552655,0.22347694707534804,0.9093118367309794,0.6418856341919286,0.6768864568760771,0.6768864568760768
-1.2994028612861332,0.4397748000900709,1.0371642971004211,1.3811468071660313,-0.9191551109857318,0.035203453138598906,-1.5579099246533263,0.3828773911255715,0.3828773911255713
-1.1886075933418188,0.43354061987284725,1.0371642971004211,-1.3262849677552655,0.09904488317297315,0.47225764493478917,0.6418856341919286,0.43795694596306,0.43795694596305956
-0.2468478158151445,-0.7027010665183387,-0.9641673964247316,1.3811468071660313,-0.7194610854124008,-0.40185073865759136,-1.5579099246533263,-0.7458482234586162,-0.7458482234586168
1.5812741052660466,-1.0638471265021059,1.0371642971004211,-0.4238077094481666,-0.058252921917367174,-0.40185073865759136,0.6418856341919286,-1.0649547651246123,-1.0649547651246127
-0.0252572799265153,-1.1409639357891628,-0.9641673964247316,-1.3262849677552655,-0.9196054803008958,0.035203453138598906,-1.5579099246533263,-1.1955515526403673,-1.1955515526403675
0.36252615787858583,-0.08801089710008494,1.0371642971004211,1.3811468071660313,1.4122921376788806,0.035203453138598906,0.6418856341919286,-0.002797027594897654,-0.002797027594898334
0.30712852390642853,-1.9895605469576487,-0.9641673964247316,1.3811468071660313,0.35142497802600764,1.7834202203233598,0.6418856341919286,-1.9667545631915577,-1.966754563191558
0.14093562198995663,-0.16942929073702606,-0.9641673964247316,0.47866954885893237,3.3339622938377684,0.47225764493478917,0.6418856341919286,0.030823505054934853,0.030823505054934624
-1.3548004952582906,-0.6231529269465648,1.0371642971004211,1.3811468071660313,-0.41044141583478483,0.47225764493478917,-1.5579099246533263,-0.6489353194135428,-0.6489353194135431
-0.2468478158151445,-1.4946913213144337,-0.9641673964247316,0.47866954885893237,-0.39429377665508175,0.035203453138598906,-1.5579099246533263,-1.517823244517485,-1.5178232445174855
0.030140354045642005,-1.7982958978932264,-0.9641673964247316,-0.4238077094481666,0.10771279711497127,-0.40185073865759136,0.6418856341919286,-1.7907753196891216,-1.790775319689122
-1.6317886651190772,0.242525338017114,1.0371642971004211,-0.4238077094481666,-0.6080389084297743,0.9093118367309794,0.6418856341919286,0.20427357415157005,0.2042735741515696
-1.5763910311469198,1.5657924309250102,-0.9641673964247316,-0.4238077094481666,-0.013023594598470715,-0.40185073865759136,0.6418856341919286,1.5622799662702755,1.562279966270275
0.14093562198995663,1.8278773672570932,-0.9641673964247316,-0.4238077094481666,-0.9114836196756376,-0.40185073865759136,-1.5579099246533263,1.7722663513313863,1.7722663513313859
1.6366717392382037,-2.176211902661325,1.0371642971004211,0.47866954885893237,-0.895830095989989,-0.40185073865759136,0.6418856341919286,-2.226912652425632,-2.226912652425633
-0.1360525478708299,-0.07778684154383812,-0.9641673964247316,0.47866954885893237,-0.9015842766266798,-0.8389049304537816,0.6418856341919286,-0.1320262004462259,-0.13202620044622657
-0.30224544978730183,1.5242104488761283,1.0371642971004211,0.47866954885893237,-0.748077969051692,-0.40185073865759136,0.6418856341919286,1.478073955180691,1.4780739551806903
-1.6317886651190772,-0.37297527482937887,-0.9641673964247316,1.3811468071660313,-0.8891685714057459,-1.2759591222499718,0.6418856341919286,-0.4281081800355116,-0.42810818003551215
0.7503095956836869,-0.7933460468767709,1.0371642971004211,-0.4238077094481666,-0.5458982673545028,3.5316369875081213,0.6418856341919286,-0.8242260248740144,-0.8242260248740149
1.0272977655444735,-0.4669243707029396,1.0371642971004211,1.3811468071660313,-0.5652440997743556,-0.40185073865759136,0.6418856341919286,-0.4994626651323861,-0.49946266513238646
-0.690028887592403,-0.3972885776765512,-0.9641673964247316,-1.3262849677552655,0.5537512576316987,0.9093118367309794,0.6418856341919286,-0.3645056637469971,-0.3645056637469976
-1.1886075933418188,-0.38276293777042003,1.0371642971004211,1.3811468071660313,-0.7995771380837962,-0.8389049304537816,0.6418856341919286,-0.4318944318627562,-0.43189443186275667
1.6366717392382037,0.15368826992167672,-0.9641673964247316,-0.4238077094481666,-0.1146221939072697,-0.8389049304537816,-1.5579099246533263,0.14837947792552092,0.1483794779255207
0.7503095956836869,-0.7315029791219121,1.0371642971004211,1.3811468071660313,1.701725957643735,-0.8389049304537816,-1.5579099246533263,-0.6283147780660582,-0.6283147780660586
-0.8008241555367176,0.23498197995427336,-0.9641673964247316,-0.4238077094481666,1.2321824592891544,-1.2759591222499718,0.6418856341919286,0.30765244248239043,0.30765244248239
0.8611048636280015,-0.3384379164259598,1.0371642971004211,-0.4238077094481666,-1.0415563248548219,-0.40185073865759136,-1.5579099246533263,-0.3998631020310215,-0.3998631020310218
-1.5209933971747625,0.26833484411642,-0.9641673964247316,1.3811468071660313,-0.38932389020771574,1.3463660285271697,-1.5579099246533263,0.24330916707610586,0.2433091670761054
-1.1332099593696614,-1.1779326244772992,-0.9641673964247316,0.47866954885893237,0.2542150525559995,1.3463660285271697,0.6418856341919286,-1.1631025714220655,-1.1631025714220657
-0.9670170574531894,0.10462527161212644,-0.9641673964247316,-1.3262849677552655,-0.4608383278468685,-1.2759591222499718,-1.5579099246533263,0.07559142586678519,0.07559142586678451
-1.1332099593696614,-0.27366478396900584,1.0371642971004211,-1.3262849677552655,1.3753534121715603,2.2204744121195503,0.6418856341919286,-0.19193070266444726,-0.1919307026644476
-1.1886075933418188,1.2669258313113074,1.0371642971004211,-0.4238077094481666,-0.835659957828769,-1.2759591222499718,0.6418856341919286,1.2145626763758706,1.21456267637587
1.0826953995166309,0.8509189854159719,-0.9641673964247316,-0.4238077094481666,-0.9027900204624449,0.035203453138598906,0.6418856341919286,0.7975716956698875,0.7975716956698871
-0.5792336196480884,0.33703551011022487,-0.9641673964247316,1.3811468071660313,-0.6079169144998672,0.035203453138598906,-1.5579099246533263,0.2996716200635622,0.29967162006356196
-1.2440052273139761,-1.4988682220599736,1.0371642971004211,1.3811468071660313,-0.686439383443572,0.47225764493478917,0.6418856341919286,-1.5405144821670311,-1.5405144821670316
-1.1332099593696614,1.5648573038924265,-0.9641673964247316,-0.4238077094481666,0.2094272894928071,-0.40185073865759136,-1.5579099246533263,1.5751840917949964,1.5751840917949957
-0.690028887592403,-1.0676499764346123,1.0371642971004211,0.47866954885893237,-0.023268263276571895,0.035203453138598906,0.6418856341919286,-1.0692119808395415,-1.069211980839542
-0.8008241555367176,0.23292470048258956,-0.9641673964247316,1.3811468071660313,-0.9343964404270222,-1.713013314046162,-1.5579099246533263,0.17560537635951434,0.17560537635951365
0.9165024976001589,0.1832382841513169,1.0371642971004211,1.3811468071660313,-0.11063161413617585,0.47225764493478917,0.6418856341919286,0.17759115511278561,0.1775911551127854
0.25173088993427123,0.5425764318720893,-0.9641673964247316,1.3811468071660313,-0.1750315386494318,-0.40185073865759136,0.6418856341919286,0.531989540121867,0.5319895401218668
1.4150812033495745,0.5932603170381177,1.0371642971004211,0.47866954885893237,-0.9752390359457275,0.035203453138598906,0.6418856341919286,0.5360271384399065,0.5360271384399058
-1.5209933971747625,2.195257607458084,-0.9641673964247316,-1.3262849677552655,-0.7918480697873059,1.3463660285271697,0.6418856341919286,2.1449910726559023,2.1449910726559014
0.6395143277393723,-1.3731871488807443,1.0371642971004211,1.3811468071660313,-0.1280845558709447,-1.2759591222499718,0.6418856341919286,-1.3795518193916014,-1.3795518193916017
0.36252615787858583,-0.2717321881016665,1.0371642971004211,-1.3262849677552655,0.3613072947303543,0.9093118367309794,-1.5579099246533263,-0.24944031643859774,-0.24944031643859818
-1.1332099593696614,1.3852505718342127,1.0371642971004211,-0.4238077094481666,-0.402740477864885,0.9093118367309794,0.6418856341919286,1.3591555692466561,1.359155569246656
-0.2468478158151445,0.5624634667650328,1.0371642971004211,1.3811468071660313,-0.4945488872361865,-1.713013314046162,-1.5579099246533263,0.5318939287551508,0.5318939287551506
0.6395143277393723,-0.5662972033654848,-0.9641673964247316,0.47866954885893237,-0.5281802801459708,0.47225764493478917,0.6418856341919286,-0.5968675151774413,-0.5968675151774417
-0.46843835170377374,-1.110478794526939,1.0371642971004211,-0.4238077094481666,-0.15001654654324942,0.9093118367309794,0.6418856341919286,-1.119181200582706,-1.1191812005827062
0.19633325596211393,-2.213492300360323,1.0371642971004211,-0.4238077094481666,-0.39242580153112144,0.9093118367309794,0.6418856341919286,-2.235415872773583,-2.235415872773584
-0.30224544978730183,0.7805974325656889,1.0371642971004211,1.3811468071660313,-0.9239518922618167,-2.1500675058423524,-1.5579099246533263,0.7240897900551694,0.7240897900551692
0.9165024976001589,0.831717710346923,1.0371642971004211,0.47866954885893237,-0.09961503381645291,3.5316369875081213,0.6418856341919286,0.8267966268349702,0.82679662683497
1.2488883014331027,-0.5660478361567959,-0.9641673964247316,1.3811468071660313,0.11471507421130331,-0.40185073865759136,0.6418856341919286,-0.5574411149908344,-0.5574411149908349
0.14093562198995663,0.234358561932551,1.0371642971004211,0.47866954885893237,-0.10698752777621443,-0.8389049304537816,-1.5579099246533263,0.22784153513025013,0.22784153513024968
0.14093562198995663,-0.7334979167914237,1.0371642971004211,0.47866954885893237,-0.9856861728486053,0.47225764493478917,0.6418856341919286,-0.7919697903901793,-0.7919697903901797
1.6366717392382037,-0.016380166404184986,1.0371642971004211,-1.3262849677552655,0.4916856296263581,1.3463660285271697,-1.5579099246533263,0.015079783927250326,0.015079783927249646
-0.0806549138986726,0.5507432079566522,-0.9641673964247316,-1.3262849677552655,0.48772856211877,-0.40185073865759136,-1.5579099246533263,0.5795232029395017,0.5795232029395011
1.1934906674609453,1.619531064397478,-0.9641673964247316,0.47866954885893237,-0.9554508674033276,0.47225764493478917,0.6418856341919286,1.5627109021295307,1.56271090212953
1.6366717392382037,-0.5695389770784411,-0.9641673964247316,1.3811468071660313,-1.0353308105183054,0.035203453138598906,0.6418856341919286,-0.6293994891178718,-0.6293994891178722
-0.523835985675931,-0.14524067149419823,-0.9641673964247316,-1.3262849677552655,-0.012049585702255632,1.7834202203233598,0.6418856341919286,-0.14615881901069955,-0.1461588190107
0.5841166937672151,-1.1492553954780702,-0.9641673964247316,1.3811468071660313,0.938458830951058,1.3463660285271697,0.6418856341919286,-1.0914764888357507,-1.091476488835751
0.6949119617115297,-1.560337239001799,-0.9641673964247316,-1.3262849677552655,1.6412070154980394,-0.40185073865759136,0.6418856341919286,-1.4603044576973103,-1.4603044576973105
0.19633325596211393,1.227338786931937,1.0371642971004211,1.3811468071660313,1.6271593808489853,-0.8389049304537816,0.6418856341919286,1.3243122734894193,1.324312273489419
-0.1360525478708299,-0.04904727074243701,1.0371642971004211,1.3811468071660313,-0.8974520186631006,-0.40185073865759136,-1.5579099246533263,-0.10311755768523044,-0.10311755768523066
1.470478837321732,-1.1619107813190344,1.0371642971004211,-1.3262849677552655,-0.780209385956669,0.47225764493478917,0.6418856341919286,-1.2063200292701313,-1.2063200292701317
0.36252615787858583,-0.370107551929456,1.0371642971004211,-0.4238077094481666,0.7700959874033353,0.035203453138598906,0.6418856341919286,-0.3232445817832905,-0.3232445817832911
-1.1886075933418188,-0.6421048348069247,-0.9641673964247316,1.3811468071660313,-0.28256184578549864,0.47225764493478917,-1.5579099246533263,-0.6600205993087412,-0.6600205993087419
-0.1360525478708299,0.4632776595090042,1.0371642971004211,-0.4238077094481666,-0.7551935046426159,1.3463660285271697,0.6418856341919286,0.41775716299987925,0.4177571629998786
1.0826953995166309,-0.4195446010520397,1.0371642971004211,1.3811468071660313,0.5327879211081568,0.47225764493478917,0.6418856341919286,-0.38607463254423574,-0.3860746325442362
-0.2468478158151445,0.3514988082141838,1.0371642971004211,-0.4238077094481666,-0.5921974408868987,0.9093118367309794,0.6418856341919286,0.31563009346928517,0.31563009346928494
-0.0252572799265153,0.7877043980133239,1.0371642971004211,-1.3262849677552655,0.8078113416741929,-0.40185073865759136,-1.5579099246533263,0.8356064256151647,0.8356064256151641
1.5258764712938893,-0.3419913991497772,-0.9641673964247316,-1.3262849677552655,-0.785761266284975,-0.40185073865759136,0.6418856341919286,-0.3872646708796465,-0.3872646708796471
0.030140354045642005,0.31608866458035334,-0.9641673964247316,-0.4238077094481666,1.0295762995673547,-1.713013314046162,0.6418856341919286,0.37749715780316984,0.37749715780316917
1.1934906674609453,0.3854750903980528,-0.9641673964247316,0.47866954885893237,0.5680102841221629,0.9093118367309794,0.6418856341919286,0.42078398944377576,0.4207839894437753
1.6366717392382037,0.057183160159054315,-0.9641673964247316,-1.3262849677552655,1.9171751956442007,0.9093118367309794,0.6418856341919286,0.17408695073656458,0.1740869507365639
0.14093562198995663,-0.5106259740256776,-0.9641673964247316,-0.4238077094481666,0.3871386650560432,-0.40185073865759136,0.6418856341919286,-0.4870222617010304,-0.48702226170103097
1.6366717392382037,0.11135818624672801,-0.9641673964247316,-1.3262849677552655,0.4446827705914086,-0.40185073865759136,0.6418856341919286,0.13973944797190319,0.13973944797190274
0.30712852390642853,0.2287477997370497,-0.9641673964247316,-0.4238077094481666,-0.46733311850651804,-0.8389049304537816,0.6418856341919286,0.20081115379989686,0.2008111537998966
-0.35764308375945913,0.020089787866573484,-0.9641673964247316,0.47866954885893237,0.1444645626980423,0.035203453138598906,-1.5579099246533263,0.028338578788641967,0.028338578788641513
-0.46843835170377374,1.0559611727604583,1.0371642971004211,1.3811468071660313,0.769893953802755,-0.8389049304537816,-1.5579099246533263,1.100812880943297,1.1008128809432967
1.5258764712938893,-0.1304033225772059,1.0371642971004211,0.47866954885893237,-0.6636088604575348,1.3463660285271697,0.6418856341919286,-0.16822292244567796,-0.16822292244567855
-0.0252572799265153,-0.7091222721420791,-0.9641673964247316,0.47866954885893237,1.856191010123791,-0.40185073865759136,0.6418856341919286,-0.5974313485588448,-0.5974313485588453
1.30428593540526,0.17288954499072562,-0.9641673964247316,-0.4238077094481666,-0.9968145428084081,0.035203453138598906,0.6418856341919286,0.11454052725023041,0.11454052725023019
-1.6317886651190772,-0.1161270498797637,-0.9641673964247316,-1.3262849677552655,-1.0446828503561403,0.47225764493478917,0.6418856341919286,-0.18042138642458286,-0.1804213864245833
0.08553798801779931,-0.2688021233995714,1.0371642971004211,-1.3262849677552655,-0.4950257183344063,-0.8389049304537816,0.6418856341919286,-0.2983019340257884,-0.298301934025789
1.4150812033495745,0.14115756768505713,-0.9641673964247316,0.47866954885893237,-0.33414527952811,0.035203453138598906,0.6418856341919286,0.12262894370722295,0.12262894370722272
-0.1914501818429872,0.04240815304423422,-0.9641673964247316,1.3811468071660313,0.7152328151163325,0.47225764493478917,0.6418856341919286,0.0851220960841386,0.08512209608413836
-0.8008241555367176,-0.0032260461458430414,-0.9641673964247316,0.47866954885893237,-0.5057568157195359,0.035203453138598906,0.6418856341919286,-0.03445582605775584,-0.034455826057756066
-0.8562217895088748,-0.7390463371847528,-0.9641673964247316,-1.3262849677552655,-0.7478449811704063,-0.8389049304537816,0.6418856341919286,-0.7844979440464609,-0.7844979440464613
1.2488883014331027,-2.021479549669834,-0.9641673964247316,0.47866954885893237,-0.33166633691697794,0.9093118367309794,0.6418856341919286,-2.0386853700753123,-2.0386853700753127
0.6395143277393723,-0.4036474414981193,-0.9641673964247316,-0.4238077094481666,0.9251207504743966,0.035203453138598906,0.6418856341919286,-0.3472193131166654,-0.34721931311666593
1.4150812033495745,0.10961261578590538,-0.9641673964247316,-1.3262849677552655,-0.8822770089406071,-0.40185073865759136,0.6418856341919286,0.058230840464005555,0.058230840464005326
1.3596835693774174,-0.6773902948364107,-0.9641673964247316,-0.4238077094481666,1.510096133158034,-1.2759591222499718,0.6418856341919286,-0.5850396090373016,-0.585039609037302
-0.1914501818429872,-1.3599706868202301,1.0371642971004211,-1.3262849677552655,-0.5094492378466589,-1.713013314046162,0.6418856341919286,-1.3901477558858346,-1.390147755885835
1.470478837321732,-0.681941246394984,-0.9641673964247316,1.3811468071660313,-0.011345045537779836,1.7834202203233598,0.6418856341919286,-0.6802672723747915,-0.6802672723747919
0.6395143277393723,-0.4863126711785052,1.0371642971004211,1.3811468071660313,0.3511789567959536,1.3463660285271697,0.6418856341919286,-0.46400705909575873,-0.46400705909575907
1.1380930334887882,-2.072412802044551,1.0371642971004211,-1.3262849677552655,-0.7525002288614131,-0.8389049304537816,-1.5579099246533263,-2.115200537976599,-2.1152005379765995
1.5812741052660466,0.789325284869802,-0.9641673964247316,0.47866954885893237,-0.5773659039391802,-1.2759591222499718,0.6418856341919286,0.7558402630714933,0.7558402630714927
1.6366717392382037,0.19651708801400333,1.0371642971004211,-0.4238077094481666,-0.8893233783911272,-0.40185073865759136,0.6418856341919286,0.1448499778413813,0.14484997784138082
-0.46843835170377374,-0.23245685273315736,1.0371642971004211,0.47866954885893237,-0.5339739056538928,0.035203453138598906,0.6418856341919286,-0.2648739019270784,-0.2648739019270788
-1.2440052273139761,-0.25533629413036824,1.0371642971004211,0.47866954885893237,0.9171770344372012,0.47225764493478917,-1.5579099246533263,-0.20158775008322108,-0.20158775008322163
-0.1914501818429872,-0.40844776026538154,1.0371642971004211,-0.4238077094481666,0.6218884485509961,1.7834202203233598,0.6418856341919286,-0.3708869451442437,-0.3708869451442443
0.14093562198995663,0.13779111036775638,-0.9641673964247316,-0.4238077094481666,-0.30232998569886393,-0.8389049304537816,0.6418856341919286,0.11961470442981659,0.11961470442981591
0.6395143277393723,0.08991260629947859,-0.9641673964247316,-1.3262849677552655,-0.4919297898645479,0.035203453138598906,0.6418856341919286,0.06107873603455438,0.0610787360345537
0.19633325596211393,0.31577695556949215,-0.9641673964247316,0.47866954885893237,-0.5273174818375744,-2.1500675058423524,0.6418856341919286,0.2838817891144974,0.28388178911449713
0.8611048636280015,1.457754087760524,1.0371642971004211,0.47866954885893237,-0.3303197725653976,-0.40185073865759136,0.6418856341919286,1.4380167694535957,1.4380167694535955
0.6395143277393723,0.2034370280551216,-0.9641673964247316,1.3811468071660313,-0.8129935766659394,-0.40185073865759136,0.6418856341919286,0.1552219108264318,0.15522191082643158
1.6366717392382037,1.2879973604455235,-0.9641673964247316,1.3811468071660313,-0.8471302719746576,-1.713013314046162,0.6418856341919286,1.2381119033490893,1.238111903349089
0.14093562198995663,-0.2958584655423221,-0.9641673964247316,-1.3262849677552655,0.525945041797891,0.035203453138598906,0.6418856341919286,-0.26392878112317325,-0.2639287811231738
0.41792379185074313,1.4742123235339943,-0.9641673964247316,1.3811468071660313,-0.46463696348399686,0.47225764493478917,-1.5579099246533263,1.4460368235810872,1.4460368235810868
-0.7454265215645602,0.6785439024097375,1.0371642971004211,-0.4238077094481666,-0.48578214766037686,-0.40185073865759136,0.6418856341919286,0.6481222037095403,0.6481222037095397
-0.9116194234810322,-1.0295591353073759,1.0371642971004211,-0.4238077094481666,-1.0340701439794824,0.9093118367309794,-1.5579099246533263,-1.091947120902716,-1.0919471209027165
0.41792379185074313,0.34326969032744853,1.0371642971004211,1.3811468071660313,0.4006914085859846,0.035203453138598906,0.6418856341919286,0.3675717914324333,0.36757179143243285
-1.6871862990912345,-0.5239047778883639,1.0371642971004211,0.47866954885893237,-0.59498425410188,0.035203453138598906,0.6418856341919286,-0.5611846926784859,-0.5611846926784863
-0.2468478158151445,-0.6291377399550995,1.0371642971004211,0.47866954885893237,-0.8298768559784055,0.035203453138598906,0.6418856341919286,-0.6788239218073305,-0.6788239218073309
0.8057072296558443,-0.22460178565945554,-0.9641673964247316,0.47866954885893237,-0.2812482129491301,0.035203453138598906,-1.5579099246533263,-0.2404344503581544,-0.24043445035815497
-0.2468478158151445,-0.3081398005702527,1.0371642971004211,1.3811468071660313,1.1295898178178372,0.9093118367309794,0.6418856341919286,-0.2403766551388408,-0.24037665513884124
-1.6317886651190772,0.542763457278606,-0.9641673964247316,0.47866954885893237,-0.8135631187912391,0.035203453138598906,0.6418856341919286,0.4918279347499441,0.4918279347499434
1.5258764712938893,-0.4605031650791992,1.0371642971004211,1.3811468071660313,-0.6911172665828464,0.47225764493478917,-1.5579099246533263,-0.4999083140372657,-0.49990831403726604
-1.6871862990912345,-2.072849194659757,-0.9641673964247316,-1.3262849677552655,-0.21318953117379777,-1.2759591222499718,0.6418856341919286,-2.0865344076537085,-2.086534407653709
-1.6871862990912345,-3.3762915944768817,1.0371642971004211,-1.3262849677552655,0.16543484916501133,-0.40185073865759136,0.6418856341919286,-3.3663387539350165,-3.3663387539350174
-0.41304071773161644,0.29470542643527614,-0.9641673964247316,0.47866954885893237,-0.4366614440291396,-0.40185073865759136,0.6418856341919286,0.2678227615322297,0.26782276153222906
-1.077812325397504,-0.5415475079031069,1.0371642971004211,-1.3262849677552655,-0.11390500115992949,3.0945827957119305,-1.5579099246533263,-0.5488457419024564,-0.5488457419024569
-0.7454265215645602,-0.12865775211638328,1.0371642971004211,0.47866954885893237,-0.8307780958235893,-0.8389049304537816,-1.5579099246533263,-0.17936948903525857,-0.17936948903525893
0.7503095956836869,0.5508678915609967,-0.9641673964247316,-1.3262849677552655,-0.4991608997431649,3.0945827957119305,0.6418856341919286,0.5218975878020653,0.5218975878020646
-1.0224146914253467,-0.787298892066064,1.0371642971004211,-1.3262849677552655,-0.3172483595686909,1.3463660285271697,0.6418856341919286,-0.8068379404697016,-0.8068379404697021
0.25173088993427123,-0.3020303039573735,-0.9641673964247316,-0.4238077094481666,1.0992629470990882,1.3463660285271697,0.6418856341919286,-0.23546627724763378,-0.23546627724763433
0.030140354045642005,0.5578501734042872,-0.9641673964247316,-0.4238077094481666,-0.7080639102882335,-1.713013314046162,0.6418856341919286,0.5148527204101371,0.5148527204101366
0.36252615787858583,-0.23900274196124222,1.0371642971004211,1.3811468071660313,-0.23825967157281952,1.3463660285271697,0.6418856341919286,-0.2525607025705965,-0.25256070257059704
0.6949119617115297,0.7933775020109974,-0.9641673964247316,1.3811468071660313,0.37216864130373345,0.9093118367309794,0.6418856341919286,0.816147909068808,0.8161479090688073
-0.5792336196480884,1.1308336771693146,-0.9641673964247316,0.47866954885893237,0.346557823549838,0.9093118367309794,0.6418856341919286,1.1504422401026497,1.1504422401026495
-0.35764308375945913,-0.4966614103390965,1.0371642971004211,-1.3262849677552655,-0.23362878850664745,0.47225764493478917,0.6418856341919286,-0.5106666337323937,-0.5106666337323943
0.8057072296558443,0.42475042576656186,-0.9641673964247316,-1.3262849677552655,-0.6947634470463041,2.2204744121195503,0.6418856341919286,0.3841220401293244,0.38412204012932416
-0.9116194234810322,0.03205941388364293,-0.9641673964247316,-1.3262849677552655,1.8452805315356915,0.035203453138598906,0.6418856341919286,0.1416753856889558,0.14167538568895535
-1.0224146914253467,0.41140928010170325,-0.9641673964247316,-1.3262849677552655,-1.0363106217781726,0.9093118367309794,0.6418856341919286,0.3480007802996716,0.34800078029967135
0.5287190597950577,0.1425914291350186,1.0371642971004211,0.47866954885893237,-0.36251851764776144,-0.40185073865759136,0.6418856341919286,0.12136355787516828,0.1213635578751676
1.30428593540526,-0.8144799178131592,-0.9641673964247316,-1.3262849677552655,-0.9771023756414985,0.035203453138598906,-1.5579099246533263,-0.8711446021855456,-0.8711446021855459
1.30428593540526,-0.6574409181412949,-0.9641673964247316,-0.4238077094481666,0.0541598313138885,-1.713013314046162,0.6418856341919286,-0.6525380246806344,-0.652538024680635
-1.077812325397504,-0.10958116065167885,-0.9641673964247316,1.3811468071660313,0.9637672694332519,0.035203453138598906,0.6418856341919286,-0.052935037825752145,-0.052935037825752825
0.14093562198995663,-0.3987224391265126,1.0371642971004211,-1.3262849677552655,-0.4481230028837492,0.47225764493478917,-1.5579099246533263,-0.4251483192092569,-0.42514831920925744
-0.523835985675931,-0.259762562084597,-0.9641673964247316,0.47866954885893237,-0.06877699475597072,0.035203453138598906,-1.5579099246533263,-0.26432867901755275,-0.2643286790175533
-1.1886075933418188,-0.3775262263879522,-0.9641673964247316,0.47866954885893237,-0.4872258012291581,-1.713013314046162,0.6418856341919286,-0.4081160789712488,-0.40811607897124913
-0.523835985675931,2.9288959354209654,-0.9641673964247316,-1.3262849677552655,-0.2000762083009841,-0.8389049304537816,0.6418856341919286,2.914570505933638,2.9145705059336375
-1.7425839330633917,-3.2081557540183594,-0.9641673964247316,1.3811468071660313,-0.6192972928750643,0.035203453138598906,0.6418856341919286,-3.245421343686599,-3.2454213436865995
-0.46843835170377374,-0.7312536119132231,1.0371642971004211,-0.4238077094481666,-0.41243838697261614,0.035203453138598906,0.6418856341919286,-0.7560347524171132,-0.7560347524171135
-1.5209933971747625,-1.0292474262965146,1.0371642971004211,-1.3262849677552655,0.3553437707172564,2.2204744121195503,0.6418856341919286,-1.00874927329793,-1.0087492732979304
-0.8008241555367176,0.2542455968254945,-0.9641673964247316,0.47866954885893237,-0.595274539062479,0.035203453138598906,0.6418856341919286,0.21750027889441828,0.21750027889441784
0.25173088993427123,-0.20384196553610073,1.0371642971004211,0.47866954885893237,2.3242149767774007,1.3463660285271697,0.6418856341919286,-0.06387431358497565,-0.06387431358497588
0.8057072296558443,-0.48300855566337664,1.0371642971004211,-1.3262849677552655,-0.7013576040912315,0.035203453138598906,0.6418856341919286,-0.523887231737521,-0.5238872317375216
0.7503095956836869,1.240991641607657,1.0371642971004211,1.3811468071660313,-0.9329965627470415,-0.40185073865759136,0.6418856341919286,1.1851114142939096,1.185111414293909
-1.1886075933418188,1.2283985975688652,-0.9641673964247316,-0.4238077094481666,-0.7936737286236523,-0.8389049304537816,0.6418856341919286,1.1786376692818086,1.178637669281808
0.9165024976001589,-0.24673312543059958,1.0371642971004211,0.47866954885893237,1.6478126683070387,0.47225764493478917,0.6418856341919286,-0.14661909277140098,-0.14661909277140142
1.4150812033495745,2.2683221996039453,-0.9641673964247316,1.3811468071660313,-0.2005818559009746,-0.40185073865759136,0.6418856341919286,2.2565248333832026,2.2565248333832018
-1.6317886651190772,-0.2435536935198155,-0.9641673964247316,1.3811468071660313,0.5932485698114057,-1.2759591222499718,0.6418856341919286,-0.20986077612021975,-0.20986077612022008
-0.8008241555367176,0.36452824486818125,1.0371642971004211,0.47866954885893237,-0.34950085496563554,-0.8389049304537816,0.6418856341919286,0.34233418783438097,0.3423341878343803
-1.2994028612861332,1.3404891578745468,-0.9641673964247316,-1.3262849677552655,-0.7961808131036121,1.3463660285271697,-1.5579099246533263,1.2907007137021405,1.29070071370214
-0.9116194234810322,0.5752435362103413,-0.9641673964247316,-1.3262849677552655,-0.4562796332048412,0.035203453138598906,-1.5579099246533263,0.5464632302405099,0.5464632302405097
1.1934906674609453,-0.7732096447751384,-0.9641673964247316,-1.3262849677552655,1.3814541547748866,-0.8389049304537816,0.6418856341919286,-0.6887056897916652,-0.6887056897916656
-1.3548004952582906,-0.22404070943990542,-0.9641673964247316,0.47866954885893237,2.2022172075573145,0.47225764493478917,-1.5579099246533263,-0.09330914557307989,-0.09330914557308011
0.030140354045642005,1.2738457713524256,-0.9641673964247316,-1.3262849677552655,-1.024373003919468,0.47225764493478917,0.6418856341919286,1.2117815928979376,1.2117815928979372
-1.7425839330633917,-0.6439127470699195,1.0371642971004211,-1.3262849677552655,-0.7986817459443134,0.035203453138598906,0.6418856341919286,-0.6933396865220495,-0.69333968652205
-1.2994028612861332,1.6875459705673883,-0.9641673964247316,1.3811468071660313,-0.6649921586070952,-0.40185073865759136,0.6418856341919286,1.6451771965027198,1.6451771965027195
1.6366717392382037,-1.7433104283773138,-0.9641673964247316,-1.3262849677552655,0.4924730818483646,0.47225764493478917,0.6418856341919286,-1.7108782198477082,-1.7108782198477084
-1.6317886651190772,2.150433851696246,1.0371642971004211,-0.4238077094481666,-0.8771261515209141,-0.8389049304537816,0.6418856341919286,2.0946427168971673,2.0946427168971664
1.0826953995166309,-0.6734004194973875,-0.9641673964247316,-0.4238077094481666,0.11500260951973543,-1.2759591222499718,0.6418856341919286,-0.6650889150345939,-0.6650889150345942
0.9719001315723161,1.0698010528426949,1.0371642971004211,0.47866954885893237,3.655714789087289,-0.8389049304537816,0.6418856341919286,1.2893883517072908,1.2893883517072902
0.36252615787858583,-0.5645516329046623,1.0371642971004211,-0.4238077094481666,1.4647027817305645,0.47225764493478917,-1.5579099246533263,-0.47592226962576406,-0.4759222696257646
0.36252615787858583,1.1997213685696362,-0.9641673964247316,1.3811468071660313,1.2415404566910424,-0.8389049304537816,0.6418856341919286,1.2737721886927533,1.2737721886927529
1.4150812033495745,0.5590346676455598,-0.9641673964247316,-1.3262849677552655,0.07782145716446291,0.47225764493478917,-1.5579099246533263,0.5649725698286039,0.5649725698286032
-1.0224146914253467,-2.013375115387443,-0.9641673964247316,-1.3262849677552655,-0.0005414903326837781,-0.40185073865759136,-1.5579099246533263,-2.0135319545253205,-2.013531954525321
-0.6346312536202456,0.2037487370659828,1.0371642971004211,0.47866954885893237,-0.7052874405189504,0.035203453138598906,0.6418856341919286,0.16068409557608018,0.16068409557607974
-0.35764308375945913,-0.07853494316990497,1.0371642971004211,1.3811468071660313,-0.5029089176947215,0.035203453138598906,0.6418856341919286,-0.10905243027777684,-0.10905243027777752
0.30712852390642853,-0.5141171149473228,-0.9641673964247316,-1.3262849677552655,1.8096839971836864,1.3463660285271697,0.6418856341919286,-0.40470362283802935,-0.4047036228380299
-0.0252572799265153,1.2197954288690964,-0.9641673964247316,1.3811468071660313,-0.9973290960986543,-1.2759591222499718,-1.5579099246533263,1.1590101254393788,1.159010125439378
1.1380930334887882,1.534122795421514,-0.9641673964247316,-1.3262849677552655,-0.49253444757757786,2.2204744121195503,0.6418856341919286,1.50536155538934,1.5053615553893398
0.25173088993427123,-0.5257126901513588,1.0371642971004211,-0.4238077094481666,-0.035803662085179586,-0.40185073865759136,-1.5579099246533263,-0.5274016866562838,-0.5274016866562843
0.6949119617115297,0.3138443597021528,1.0371642971004211,-1.3262849677552655,0.03004341512117432,0.035203453138598906,-1.5579099246533263,0.3161849334249249,0.31618493342492443
-1.2440052273139761,-0.7136108818984802,-0.9641673964247316,-0.4238077094481666,-0.9116450582006767,0.9093118367309794,0.6418856341919286,-0.7690869584760875,-0.7690869584760881
-1.2994028612861332,-1.0776246647821703,1.0371642971004211,1.3811468071660313,-0.22737901322275975,-0.40185073865759136,0.6418856341919286,-1.092106754029073,-1.0921067540290734
-0.5792336196480884,0.18517088001865625,1.0371642971004211,1.3811468071660313,0.5288726505581733,1.3463660285271697,0.6418856341919286,0.21631574406759763,0.21631574406759696
-0.7454265215645602,0.8752322882631443,1.0371642971004211,-0.4238077094481666,-0.27553898263950816,-0.40185073865759136,-1.5579099246533263,0.8573063143371695,0.8573063143371689
0.5287190597950577,0.0631056313654168,-0.9641673964247316,0.47866954885893237,1.894662234337171,-0.8389049304537816,0.6418856341919286,0.17722290314306807,0.17722290314306763
-0.9116194234810322,0.1918414528510856,1.0371642971004211,1.3811468071660313,-0.3012992799332307,0.035203453138598906,0.6418856341919286,0.17263675080608687,0.17263675080608665
1.0272977655444735,-0.08788621349574048,-0.9641673964247316,-1.3262849677552655,-0.09072300557558764,-0.8389049304537816,0.6418856341919286,-0.09218442265907446,-0.09218442265907492
1.2488883014331027,1.299966986462593,1.0371642971004211,-0.4238077094481666,-0.8913163097964153,-0.40185073865759136,-1.5579099246533263,1.2471133404874064,1.2471133404874057
-0.690028887592403,1.1107596168698546,-0.9641673964247316,0.47866954885893237,-0.9666716880010512,0.035203453138598906,-1.5579099246533263,1.0513767129074412,1.0513767129074403
0.19633325596211393,-0.8330577748604857,1.0371642971004211,-0.4238077094481666,-0.849393314498452,-0.8389049304537816,0.6418856341919286,-0.8834239244429095,-0.8834239244429101
-0.9116194234810322,0.8041002919846222,-0.9641673964247316,1.3811468071660313,0.7789124244335468,-0.8389049304537816,0.6418856341919286,0.8492629933172561,0.8492629933172559
1.30428593540526,0.3745029332157391,1.0371642971004211,-1.3262849677552655,-1.0025321718751372,-0.8389049304537816,0.6418856341919286,0.3155088448123238,0.3155088448123231
1.470478837321732,-0.8539422785881849,1.0371642971004211,-1.3262849677552655,2.8733216793393153,-0.8389049304537816,0.6418856341919286,-0.6796140835398891,-0.6796140835398895
-1.410198129230448,1.8766286565557824,-0.9641673964247316,-0.4238077094481666,3.936718216469031,0.035203453138598906,0.6418856341919286,2.1100517492275177,2.1100517492275173
-0.9116194234810322,2.175308230762968,1.0371642971004211,1.3811468071660313,0.2241982260465708,-0.8389049304537816,-1.5579099246533263,2.1863587285354895,2.186358728535489
1.5812741052660466,-1.4838438477364646,-0.9641673964247316,-0.4238077094481666,-0.055384289436932105,1.3463660285271697,-1.5579099246533263,-1.4844147180275045,-1.4844147180275051
-1.077812325397504,-0.41262466101092143,1.0371642971004211,-1.3262849677552655,-1.005153213778227,0.47225764493478917,0.6418856341919286,-0.4737558461964091,-0.4737558461964094
0.030140354045642005,2.1184525071818885,1.0371642971004211,-1.3262849677552655,-0.13814804471460443,-0.8389049304537816,0.6418856341919286,2.1088649906492316,2.1088649906492307
1.5812741052660466,-0.4903648883197006,-0.9641673964247316,-0.4238077094481666,-0.7065644843712948,0.9093118367309794,0.6418856341919286,-0.5304924078490532,-0.5304924078490537
0.41792379185074313,-2.450578174021339,-0.9641673964247316,0.47866954885893237,-0.9672298003344758,0.035203453138598906,0.6418856341919286,-2.506712293844679,-2.5067122938446795
-1.3548004952582906,0.0631056313654168,1.0371642971004211,0.47866954885893237,-0.5339152517613547,-1.2759591222499718,-1.5579099246533263,0.02927699390756255,0.0292769939075621
0.47332142582290043,0.7382673488907402,1.0371642971004211,-1.3262849677552655,-0.8180753089660645,-0.40185073865759136,0.6418856341919286,0.6893170907974042,0.6893170907974036
0.08553798801779931,-1.246882657679793,-0.9641673964247316,-1.3262849677552655,-0.74436921735545,-1.2759591222499718,0.6418856341919286,-1.2908385799082238,-1.2908385799082245
0.14093562198995663,0.7138917042413957,1.0371642971004211,-0.4238077094481666,-0.9432110484915928,-0.8389049304537816,0.6418856341919286,0.6570149114412276,0.6570149114412274
-0.0806549138986726,-0.8755125421397789,-0.9641673964247316,0.47866954885893237,0.9998658274600012,0.47225764493478917,0.6418856341919286,-0.815079882296516,-0.8150798822965163
0.30712852390642853,1.266551780498274,1.0371642971004211,-0.4238077094481666,2.4951825539730628,0.47225764493478917,0.6418856341919286,1.4159316017238583,1.4159316017238581
-1.1332099593696614,-0.216559693179237,-0.9641673964247316,0.47866954885893237,-0.2932635215817635,0.47225764493478917,0.6418856341919286,-0.2351736111283266,-0.23517361112832705
-1.1886075933418188,0.6047312086378093,1.0371642971004211,-0.4238077094481666,0.24612483376787597,0.035203453138598906,0.6418856341919286,0.6178076647626363,0.6178076647626356
-0.9116194234810322,-0.7848675617813468,1.0371642971004211,1.3811468071660313,0.5468406408554667,0.47225764493478917,-1.5579099246533263,-0.7526513197555409,-0.7526513197555412
-0.8562217895088748,1.0670580135471166,-0.9641673964247316,-0.4238077094481666,-0.7115607598431125,-0.40185073865759136,0.6418856341919286,1.0227497457548587,1.022749745754858
-0.7454265215645602,-1.495252397533984,-0.9641673964247316,0.47866954885893237,0.20889681680833302,-1.2759591222499718,0.6418856341919286,-1.4828963284698131,-1.4828963284698136
1.5258764712938893,1.2212292903190578,1.0371642971004211,-1.3262849677552655,-1.0454057271192216,-0.40185073865759136,0.6418856341919286,1.1594915264464665,1.1594915264464662
0.8611048636280015,-0.05821151566175581,-0.9641673964247316,-1.3262849677552655,-0.40689308491547177,-1.2759591222499718,0.6418856341919286,-0.08173647750190541,-0.08173647750190563
1.0272977655444735,0.43117163139030223,-0.9641673964247316,-0.4238077094481666,-0.7568821854136035,1.3463660285271697,0.6418856341919286,0.38687665092653434,0.3868766509265339
-0.1360525478708299,1.0292788814307412,1.0371642971004211,-1.3262849677552655,-0.704557602335248,-0.8389049304537816,0.6418856341919286,0.9861598629536402,0.9861598629536396
-0.46843835170377374,0.5713783444756626,-0.9641673964247316,0.47866954885893237,-0.9060230270897585,-1.2759591222499718,0.6418856341919286,0.516003198155001,0.5160031981550003
0.47332142582290043,0.38260736749812985,1.0371642971004211,-0.4238077094481666,-0.5528228919087972,-0.40185073865759136,0.6418856341919286,0.34970520066539273,0.3497052006653925
-1.6871862990912345,-2.5761345635962236,1.0371642971004211,-0.4238077094481666,0.3590826502216181,0.9093118367309794,-1.5579099246533263,-2.554901623983621,-2.5549016239836213
-0.0252572799265153,1.78486152375825,1.0371642971004211,-1.3262849677552655,-0.4956878705652155,0.9093118367309794,-1.5579099246533263,1.7541478590306163,1.7541478590306157
-1.7425839330633917,0.9657525850172319,-0.9641673964247316,0.47866954885893237,0.6897444916878409,0.47225764493478917,0.6418856341919286,1.0047278341716983,1.0047278341716979
1.0272977655444735,-0.4924845095935566,1.0371642971004211,-0.4238077094481666,-0.602748805594055,0.47225764493478917,0.6418856341919286,-0.5270704105104604,-0.5270704105104608
0.25173088993427123,-0.5139924313429783,-0.9641673964247316,1.3811468071660313,-0.7193315735902343,-0.40185073865759136,0.6418856341919286,-0.5566166506898221,-0.5566166506898226
1.0826953995166309,1.0967327113811012,-0.9641673964247316,-1.3262849677552655,-0.22253707231551592,0.035203453138598906,0.6418856341919286,1.083977006144334,1.0839770061443335
0.5841166937672151,0.09988729464703645,1.0371642971004211,-1.3262849677552655,-0.9656381848920251,0.035203453138598906,0.6418856341919286,0.04257735904040422,0.04257735904040399
0.14093562198995663,-1.1410886193935073,1.0371642971004211,1.3811468071660313,-0.42804266533849733,1.3463660285271697,0.6418856341919286,-1.1657612448452694,-1.1657612448452699
0.7503095956836869,-0.012889025482539729,-0.9641673964247316,-1.3262849677552655,0.2217933878760298,0.035203453138598906,-1.5579099246533263,0.0012621147709306374,0.0012621147709299576
0.36252615787858583,-0.8702134889551387,-0.9641673964247316,-0.4238077094481666,0.005986880226771219,3.0945827957119305,0.6418856341919286,-0.8684516914350067,-0.868451691435007
0.25173088993427123,-2.2150508454146287,1.0371642971004211,1.3811468071660313,0.6399455060213155,1.3463660285271697,0.6418856341919286,-2.174938121701362,-2.174938121701362
0.14093562198995663,0.6128979847223722,1.0371642971004211,-0.4238077094481666,-0.9428100997352634,-0.40185073865759136,0.6418856341919286,0.5561652841168352,0.5561652841168345
-1.6317886651190772,0.06372904938713916,1.0371642971004211,0.47866954885893237,-1.0023109039219327,1.3463660285271697,0.6418856341919286,0.0019352140275319678,0.001935214027531741
-0.2468478158151445,-0.7346824110326962,-0.9641673964247316,-0.4238077094481666,1.3924015836145895,0.47225764493478917,0.6418856341919286,-0.6509147069557487,-0.650914706955749
-0.8008241555367176,-1.5713093961841127,-0.9641673964247316,-1.3262849677552655,-1.0023644742489037,0.035203453138598906,0.6418856341919286,-1.631423966465985,-1.6314239664659855
-1.0224146914253467,1.2535846856464488,-0.9641673964247316,0.47866954885893237,0.7987508617335968,-1.2759591222499718,-1.5579099246533263,1.2993685727810649,1.2993685727810647
-1.6317886651190772,0.239096538897641,1.0371642971004211,-1.3262849677552655,-0.7984746655622884,1.3463660285271697,0.6418856341919286,0.18942639795192012,0.18942639795191946
1.1934906674609453,1.0565845907821807,-0.9641673964247316,0.47866954885893237,-0.3005503618822315,0.035203453138598906,0.6418856341919286,1.0393603398973026,1.0393603398973021
0.25173088993427123,-0.5504000438115645,1.0371642971004211,-1.3262849677552655,-0.63113368420877,0.47225764493478917,-1.5579099246533263,-0.587651958138283,-0.5876519581382835
1.2488883014331027,0.5569773881738759,1.0371642971004211,-0.4238077094481666,-0.5841849130458263,1.3463660285271697,0.6418856341919286,0.5232162745189587,0.5232162745189582
-1.7425839330633917,-1.264587729496708,1.0371642971004211,1.3811468071660313,-0.2109574960634954,0.9093118367309794,0.6418856341919286,-1.2783519727396937,-1.2783519727396941
0.6949119617115297,1.730624155868404,-0.9641673964247316,1.3811468071660313,0.9663768730056002,0.035203453138598906,0.6418856341919286,1.7884307743687258,1.7884307743687253
1.470478837321732,0.01990276246005677,1.0371642971004211,-1.3262849677552655,0.18578998569446395,-0.40185073865759136,0.6418856341919286,0.032623722429208316,0.03262372242920786
-0.35764308375945913,-0.43918226873629423,-0.9641673964247316,1.3811468071660313,1.1926963860252093,0.47225764493478917,0.6418856341919286,-0.36774665117405453,-0.3677466511740551
-1.0224146914253467,0.4317950494120246,-0.9641673964247316,-0.4238077094481666,-0.715741939557926,-0.8389049304537816,0.6418856341919286,0.3873500138646465,0.38735001386464585
1.2488883014331027,-1.5408865967240613,1.0371642971004211,-1.3262849677552655,-0.5005222417135786,-1.2759591222499718,0.6418856341919286,-1.5687426165686045,-1.568742616568605
-1.6871862990912345,1.6255782192081851,1.0371642971004211,-0.4238077094481666,0.8511373644175091,-0.8389049304537816,0.6418856341919286,1.6737302627671635,1.673730262767163
1.5258764712938893,0.8675642465959591,-0.9641673964247316,-0.4238077094481666,-0.6621277274961809,0.9093118367309794,0.6418856341919286,0.8292005934094886,0.8292005934094884
0.36252615787858583,0.25630287629717835,1.0371642971004211,-1.3262849677552655,1.0033740276494612,-0.8389049304537816,-1.5579099246533263,0.3165480507360879,0.31654805073608744
-1.4655957632026053,0.17638068591237088,1.0371642971004211,1.3811468071660313,-0.8016690870536071,-1.2759591222499718,0.6418856341919286,0.12636791528209504,0.12636791528209482
-0.2468478158151445,-1.1974456085572092,-0.9641673964247316,0.47866954885893237,-0.3994548381025617,0.47225764493478917,0.6418856341919286,-1.220870064441521,-1.2208700644415216
-1.7425839330633917,-0.6813801701754338,-0.9641673964247316,1.3811468071660313,0.40530409266884804,0.47225764493478917,-1.5579099246533263,-0.658583257678202,-0.6585832576782025
-0.1914501818429872,0.9353921273593526,1.0371642971004211,1.3811468071660313,0.3966581598502221,0.035203453138598906,0.6418856341919286,0.9584907596270282,0.9584907596270276
-0.523835985675931,0.25225065915598294,-0.9641673964247316,-0.4238077094481666,3.439950351694424,2.65752860391574,0.6418856341919286,0.4582445810842377,0.45824458108423743
0.6395143277393723,0.017970166592717437,-0.9641673964247316,-0.4238077094481666,-0.9212852104121394,-0.40185073865759136,0.6418856341919286,-0.03663310860071805,-0.03663310860071851
0.030140354045642005,-0.8518849991165012,-0.9641673964247316,1.3811468071660313,-1.0208024974326027,-0.40185073865759136,0.6418856341919286,-0.9125820139954869,-0.9125820139954874
0.36252615787858583,-0.27690655768196215,1.0371642971004211,1.3811468071660313,1.0659314567108156,0.47225764493478917,0.6418856341919286,-0.2122934617266008,-0.21229346172660113
-1.0224146914253467,0.014416683868899943,1.0371642971004211,-0.4238077094481666,-0.8197819864528721,1.3463660285271697,0.6418856341919286,-0.03565511592165988,-0.03565511592166033
1.2488883014331027,-1.1975702921615536,-0.9641673964247316,-0.4238077094481666,-0.59483831036027,1.3463660285271697,-1.5579099246533263,-1.231029459901414,-1.2310294599014144
-0.1914501818429872,0.9224873743096996,1.0371642971004211,0.47866954885893237,0.9534980633387974,0.035203453138598906,0.6418856341919286,0.9789244899382664,0.9789244899382658
1.470478837321732,-1.0203948903880569,1.0371642971004211,-0.4238077094481666,0.8128654933305592,-0.8389049304537816,-1.5579099246533263,-0.9695983656786604,-0.969598365678661
-0.46843835170377374,-1.4238710340467728,-0.9641673964247316,-1.3262849677552655,-0.4241813006999328,-1.713013314046162,0.6418856341919286,-1.4492719305075605,-1.449271930507561
1.4150812033495745,-0.41555472571301655,-0.9641673964247316,-0.4238077094481666,-0.9084138476384328,1.3463660285271697,0.6418856341919286,-0.4679544346278705,-0.46795443462787084
0.8611048636280015,1.0247279298721679,1.0371642971004211,-0.4238077094481666,-0.7604003036044861,-1.2759591222499718,0.6418856341919286,0.9793218590680451,0.9793218590680447
1.30428593540526,-0.7069403090660509,-0.9641673964247316,-0.4238077094481666,1.0194606490971077,0.035203453138598906,0.6418856341919286,-0.6438712816866599,-0.6438712816866603
1.4150812033495745,0.8234262506580156,-0.9641673964247316,1.3811468071660313,-0.28791336074145685,0.035203453138598906,-1.5579099246533263,0.8072800569879244,0.8072800569879237
-1.1886075933418188,0.78508604232209,1.0371642971004211,1.3811468071660313,1.3013207075789133,-1.2759591222499718,0.6418856341919286,0.8611520359440707,0.8611520359440705
-0.46843835170377374,-1.14813324303897,-0.9641673964247316,-0.4238077094481666,1.9174397609345077,-1.713013314046162,0.6418856341919286,-1.0332659397038257,-1.033265939703826
0.6395143277393723,-1.194453202052942,-0.9641673964247316,-1.3262849677552655,3.1178470406009393,1.7834202203233598,0.6418856341919286,-1.005827017424594,-1.0058270174245945
0.47332142582290043,-1.0176518510924786,-0.9641673964247316,-0.4238077094481666,-0.8886274794046518,1.3463660285271697,0.6418856341919286,-1.0696422540598955,-1.069642254059896
-0.41304071773161644,0.0008885127975245806,-0.9641673964247316,0.47866954885893237,1.2020686934598663,0.9093118367309794,-1.5579099246533263,0.07263458043032628,0.0726345804303256
-1.077812325397504,0.8392610684097637,1.0371642971004211,1.3811468071660313,0.0015137287888741364,0.9093118367309794,-1.5579099246533263,0.8377211487526212,0.8377211487526205
0.19633325596211393,-1.3142118040258086,1.0371642971004211,1.3811468071660313,0.32133175667052993,-1.2759591222499718,-1.5579099246533263,-1.2942196758054794,-1.2942196758054798
0.25173088993427123,-0.017814027854146427,-0.9641673964247316,0.47866954885893237,0.42460738436598144,0.47225764493478917,0.6418856341919286,0.008066439343729418,0.008066439343728965
0.8611048636280015,-1.8654380188327253,1.0371642971004211,-0.4238077094481666,0.2740249757682025,0.035203453138598906,-1.5579099246533263,-1.846970802483971,-1.8469708024839717
-0.41304071773161644,-0.8770087453919125,-0.9641673964247316,0.47866954885893237,0.15629958241070308,0.47225764493478917,0.6418856341919286,-0.8674750081658908,-0.8674750081658914
-1.3548004952582906,-0.9021948334694962,1.0371642971004211,0.47866954885893237,1.489132658327638,-0.8389049304537816,0.6418856341919286,-0.8139634845150333,-0.8139634845150338
0.9165024976001589,0.4465700565268447,1.0371642971004211,1.3811468071660313,-0.6289513587570659,-0.8389049304537816,0.6418856341919286,0.4095020770841722,0.40950207708417175
-0.2468478158151445,0.21665349011563578,-0.9641673964247316,-1.3262849677552655,-0.004539440335524637,1.3463660285271697,0.6418856341919286,0.21616573428967045,0.2161657342896698
1.0826953995166309,0.2376003356455073,1.0371642971004211,-1.3262849677552655,-0.13772713636538922,0.47225764493478917,0.6418856341919286,0.23054644575911248,0.230546445759112
0.030140354045642005,0.18810094472075137,-0.9641673964247316,-1.3262849677552655,-0.9196966068599443,0.47225764493478917,-1.5579099246533263,0.1328726064919144,0.13287260649191396
-0.523835985675931,0.09321672181460712,-0.9641673964247316,-1.3262849677552655,0.5932242241679274,0.47225764493478917,0.6418856341919286,0.12827329078946012,0.12827329078945965
-0.9116194234810322,-0.2500372409457281,-0.9641673964247316,0.47866954885893237,3.515477329334071,-0.8389049304537816,0.6418856341919286,-0.0402237283135961,-0.04022372831359678
-0.7454265215645602,-0.12348338253608762,-0.9641673964247316,-0.4238077094481666,-0.40443594211786255,1.7834202203233598,0.6418856341919286,-0.14825671439991908,-0.14825671439991953
-0.9670170574531894,-0.22167172095736043,-0.9641673964247316,0.47866954885893237,0.6643486058916891,0.035203453138598906,0.6418856341919286,-0.18279288806591365,-0.182792888065914
1.6366717392382037,-1.4638944710413488,-0.9641673964247316,-0.4238077094481666,0.49409615236914983,-0.40185073865759136,0.6418856341919286,-1.4315869849766527,-1.4315869849766532
-1.6871862990912345,0.771931922063748,-0.9641673964247316,1.3811468071660313,0.6682031383769677,-0.40185073865759136,-1.5579099246533263,0.80960154814792,0.8096015481479193
-0.1914501818429872,1.2492831012965644,1.0371642971004211,-1.3262849677552655,0.18862790991163544,1.7834202203233598,0.6418856341919286,1.2599137201395247,1.259913720139524
-1.2994028612861332,-0.05821151566175581,1.0371642971004211,-0.4238077094481666,-0.6391322596630438,1.3463660285271697,0.6418856341919286,-0.0977198483132345,-0.09771984831323519
0.9719001315723161,0.024952448436007944,-0.9641673964247316,0.47866954885893237,-0.18979175509836063,0.035203453138598906,0.6418856341919286,0.014648622273268694,0.014648622273268467
0.030140354045642005,0.4254361855904565,-0.9641673964247316,0.47866954885893237,-0.022036816620125275,-0.40185073865759136,0.6418856341919286,0.4239043654071229,0.4239043654071224
-0.1914501818429872,-1.6724901411096529,-0.9641673964247316,-0.4238077094481666,-0.8141454829075678,-0.40185073865759136,0.6418856341919286,-1.720636402436539,-1.7206364024365397
0.6949119617115297,0.3550522909380012,-0.9641673964247316,1.3811468071660313,0.718672353488723,-1.2759591222499718,0.6418856341919286,0.3986037328027262,0.39860373280272554
0.030140354045642005,-0.9522553006138023,-0.9641673964247316,-0.4238077094481666,0.3602702788217541,-0.8389049304537816,-1.5579099246533263,-0.9302596030520178,-0.9302596030520183
1.4150812033495745,-1.766563920587558,-0.9641673964247316,0.47866954885893237,0.42561613385078223,1.7834202203233598,0.6418856341919286,-1.7381901012995908,-1.738190101299591
-0.41304071773161644,-1.1529959036084043,1.0371642971004211,1.3811468071660313,0.18519989099058537,1.3463660285271697,0.6418856341919286,-1.1415089324409837,-1.141508932440984
-0.35764308375945913,1.4273312883004725,-0.9641673964247316,-0.4238077094481666,-0.493935822296466,0.035203453138598906,0.6418856341919286,1.3965532675437593,1.3965532675437586
-0.1914501818429872,-0.5699753696936468,-0.9641673964247316,1.3811468071660313,-0.6873570076497808,-0.40185073865759136,0.6418856341919286,-0.6111485322978273,-0.6111485322978277
-0.6346312536202456,0.45155740070062367,1.0371642971004211,1.3811468071660313,0.49034775146345533,-1.2759591222499718,0.6418856341919286,0.47986580710683574,0.47986580710683524
1.5258764712938893,1.7426561236876457,-0.9641673964247316,-0.4238077094481666,0.6464966664191558,-0.40185073865759136,0.6418856341919286,1.7820827866515423,1.7820827866515419
0.14093562198995663,-0.0006700322567813367,-0.9641673964247316,0.47866954885893237,0.13172975998296885,4.405745371100502,0.6418856341919286,0.008010744974909252,0.008010744974909025
0.5287190597950577,-0.28575909359041973,1.0371642971004211,-1.3262849677552655,-0.5590185006122893,1.3463660285271697,0.6418856341919286,-0.3183391507187976,-0.3183391507187982
-1.410198129230448,0.44538556228557225,-0.9641673964247316,-1.3262849677552655,0.3067684577875838,-0.40185073865759136,0.6418856341919286,0.4619406646783691,0.46194066467836836
-0.6346312536202456,0.12444996470289771,-0.9641673964247316,-1.3262849677552655,-0.6520750098043421,-0.8389049304537816,-1.5579099246533263,0.08437255916553175,0.08437255916553107
-1.410198129230448,-0.6408579987634799,-0.9641673964247316,0.47866954885893237,1.2809776433040183,-0.40185073865759136,0.6418856341919286,-0.5653213230896373,-0.5653213230896377
-0.41304071773161644,-1.285908625839613,1.0371642971004211,0.47866954885893237,-0.6298426442937662,-0.8389049304537816,-1.5579099246533263,-1.323597195766334,-1.3235971957663344
1.4150812033495745,-0.8412868927472209,-0.9641673964247316,-1.3262849677552655,1.747294549686214,1.7834202203233598,-1.5579099246533263,-0.7341816880979742,-0.7341816880979748
1.0272977655444735,1.0880672008791603,1.0371642971004211,1.3811468071660313,-0.7575416784633063,1.7834202203233598,0.6418856341919286,1.0434817150668028,1.0434817150668023
0.6395143277393723,0.5290482608007139,-0.9641673964247316,-0.4238077094481666,0.23006889369336958,0.47225764493478917,0.6418856341919286,0.5433858361410352,0.5433858361410348
-0.5792336196480884,0.4945109023972947,1.0371642971004211,-1.3262849677552655,1.766637472920983,-0.40185073865759136,-1.5579099246533263,0.5994578216728231,0.5994578216728229
0.8057072296558443,-0.5013370455020142,-0.9641673964247316,-0.4238077094481666,-0.8528583978162525,0.9093118367309794,-1.5579099246533263,-0.551166057359304,-0.5511660573593046
1.5812741052660466,0.7108369559349561,-0.9641673964247316,0.47866954885893237,-0.8594045539517922,0.47225764493478917,-1.5579099246533263,0.6607323157993995,0.6607323157993993
-0.41304071773161644,0.7061613207720383,-0.9641673964247316,-0.4238077094481666,-0.2617212567158246,0.035203453138598906,0.6418856341919286,0.6895967953752524,0.6895967953752521
0.9719001315723161,2.542065052942237,1.0371642971004211,-1.3262849677552655,1.1961319027709876,0.035203453138598906,0.6418856341919286,2.613435263993336,2.613435263993335
-0.8008241555367176,0.8764167825044168,1.0371642971004211,-0.4238077094481666,-0.8093145122038106,-0.40185073865759136,0.6418856341919286,0.8264175727534732,0.8264175727534727
-0.523835985675931,0.5224400297704568,1.0371642971004211,0.47866954885893237,2.1265459870376175,0.035203453138598906,0.6418856341919286,0.6491414337475128,0.6491414337475121
0.5287190597950577,1.4407347757675033,1.0371642971004211,-1.3262849677552655,-0.22261285729947286,2.2204744121195503,0.6418856341919286,1.4274663179683014,1.427466317968301
1.3596835693774174,0.36465292847252573,1.0371642971004211,-0.4238077094481666,-0.47117471673174505,1.3463660285271697,0.6418856341919286,0.33790355032256725,0.3379035503225666
-1.6317886651190772,0.4757460199434515,1.0371642971004211,-0.4238077094481666,0.11149098418631802,0.035203453138598906,0.6418856341919286,0.48032384689693364,0.4803238468969334
-0.7454265215645602,0.8489240477464604,1.0371642971004211,-0.4238077094481666,0.052010705444151116,0.035203453138598906,0.6418856341919286,0.8507807189315875,0.8507807189315872
-0.5792336196480884,-0.47396899434840234,1.0371642971004211,1.3811468071660313,-0.26270714489583885,0.9093118367309794,0.6418856341919286,-0.4899802308976907,-0.48998023089769105
-0.523835985675931,-1.0360426827332885,1.0371642971004211,-1.3262849677552655,-0.3272069046110737,0.035203453138598906,0.6418856341919286,-1.0556628883857464,-1.0556628883857468
0.25173088993427123,-1.246944999481965,1.0371642971004211,-1.3262849677552655,-0.1974554357150698,0.9093118367309794,-1.5579099246533263,-1.2576665960712672,-1.2576665960712676
-1.4655957632026053,0.06204582072848878,1.0371642971004211,-0.4238077094481666,-0.8140296851623755,-0.40185073865759136,-1.5579099246533263,0.011419466247711193,0.011419466247710966
-1.077812325397504,0.897301286232116,-0.9641673964247316,0.47866954885893237,-0.6252023765111956,0.035203453138598906,-1.5579099246533263,0.8580197183543172,0.858019718354317
-1.3548004952582906,-2.515101939269604,1.0371642971004211,-1.3262849677552655,-0.6048459165743407,1.7834202203233598,-1.5579099246533263,-2.551211760373812,-2.5512117603738123
-0.30224544978730183,-1.9371934331329699,1.0371642971004211,-0.4238077094481666,0.823945591499137,-1.2759591222499718,0.6418856341919286,-1.8872020745223463,-1.8872020745223468
1.0272977655444735,-1.6151980249133673,1.0371642971004211,1.3811468071660313,0.7196450337021252,-1.2759591222499718,-1.5579099246533263,-1.5701502660102464,-1.570150266010247
0.47332142582290043,0.14421231599149675,-0.9641673964247316,0.47866954885893237,-0.048109761947881254,2.65752860391574,0.6418856341919286,0.14214998518077862,0.14214998518077818
0.6395143277393723,1.0167481791941215,1.0371642971004211,0.47866954885893237,1.5072318609471662,0.47225764493478917,0.6418856341919286,1.1073977474553038,1.1073977474553036
-0.690028887592403,0.6954385307984136,1.0371642971004211,-1.3262849677552655,1.3651611384936009,-0.40185073865759136,-1.5579099246533263,0.7760073191837157,0.7760073191837152
-0.35764308375945913,-2.169790697037585,1.0371642971004211,0.47866954885893237,-0.22861054853100085,0.9093118367309794,0.6418856341919286,-2.1825383975781207,-2.182538397578121
1.0826953995166309,0.4663324078154438,1.0371642971004211,-1.3262849677552655,-0.8106970485936353,0.035203453138598906,0.6418856341919286,0.41866546197159754,0.4186654619715973
0.5287190597950577,-0.4311401762560757,1.0371642971004211,-0.4238077094481666,0.5549546556131053,0.035203453138598906,0.6418856341919286,-0.3970196179208472,-0.39701961792084767
-1.2994028612861332,-0.446226892381757,1.0371642971004211,-0.4238077094481666,3.5907151891242894,-1.2759591222499718,0.6418856341919286,-0.2322253780193756,-0.23222537801937593
-0.523835985675931,-0.4850034933328882,1.0371642971004211,-0.4238077094481666,1.0564508712140037,-0.40185073865759136,0.6418856341919286,-0.4219614785620169,-0.4219614785620175
0.36252615787858583,0.9976715877294171,-0.9641673964247316,0.47866954885893237,-0.7928893545010822,0.9093118367309794,0.6418856341919286,0.950083409075204,0.9500834090752038
0.30712852390642853,0.22064336545465893,1.0371642971004211,0.47866954885893237,3.302071645217269,-0.8389049304537816,0.6418856341919286,0.41876067793638777,0.41876067793638755
0.9165024976001589,1.0512231957953684,1.0371642971004211,-1.3262849677552655,-0.9707172898910369,0.035203453138598906,0.6418856341919286,0.993438596601155,0.9934385966011544
-1.1332099593696614,0.9841434166580417,-0.9641673964247316,-0.4238077094481666,0.008028214791332734,0.035203453138598906,0.6418856341919286,0.9827867212902931,0.9827867212902929
-0.1914501818429872,1.8299969885309493,-0.9641673964247316,-1.3262849677552655,-0.4673561575110653,0.9093118367309794,0.6418856341919286,1.800831944806565,1.8008319448065648
0.9719001315723161,-0.6856817545253181,-0.9641673964247316,0.47866954885893237,-1.0240840631683628,0.035203453138598906,0.6418856341919286,-0.7456113822649129,-0.7456113822649134
-1.1332099593696614,2.232600346959254,-0.9641673964247316,-0.4238077094481666,0.34956489176422517,-1.2759591222499718,0.6418856341919286,2.2508247346556804,2.25082473465568
-0.8008241555367176,1.2290220155905875,-0.9641673964247316,1.3811468071660313,-0.7449645401814246,-0.40185073865759136,-1.5579099246533263,1.1826802459027097,1.182680245902709
1.5258764712938893,0.5377137713026547,1.0371642971004211,-1.3262849677552655,4.756421247589165,-1.2759591222499718,0.6418856341919286,0.8241748545902888,0.8241748545902882
0.19633325596211393,0.7594012198271285,1.0371642971004211,0.47866954885893237,-0.6166896055682681,0.9093118367309794,0.6418856341919286,0.7223289605998994,0.7223289605998992
0.6395143277393723,1.5404816592430821,1.0371642971004211,0.47866954885893237,-0.2060063613879191,-0.8389049304537816,0.6418856341919286,1.5279028316066887,1.5279028316066885
-1.410198129230448,-0.6757070661777603,-0.9641673964247316,0.47866954885893237,2.3337256257575167,0.47225764493478917,0.6418856341919286,-0.5368930820842208,-0.5368930820842214
-1.3548004952582906,0.07314266151514691,1.0371642971004211,-1.3262849677552655,-0.5615908712021169,-0.8389049304537816,-1.5579099246533263,0.037710898622445935,0.037710898622445255
-1.0224146914253467,-1.7797803826480723,-0.9641673964247316,-1.3262849677552655,-0.9117582414201337,0.035203453138598906,0.6418856341919286,-1.8345913774188214,-1.834591377418822
1.6366717392382037,0.23884717168895206,1.0371642971004211,0.47866954885893237,-1.0136174242100293,1.3463660285271697,0.6418856341919286,0.1799512327171814,0.17995123271718116
-1.6317886651190772,0.8926879928713705,1.0371642971004211,-1.3262849677552655,0.9236700097172362,-1.2759591222499718,0.6418856341919286,0.9455464936290678,0.9455464936290674
1.1934906674609453,-1.5469960933369404,1.0371642971004211,0.47866954885893237,-0.9375659327932276,-0.40185073865759136,0.6418856341919286,-1.6009956063411404,-1.6009956063411408
-0.2468478158151445,-0.5028332487541479,-0.9641673964247316,0.47866954885893237,-0.6607992997572214,-0.40185073865759136,0.6418856341919286,-0.5425144523098899,-0.5425144523098904
1.6366717392382037,0.39127287800007077,1.0371642971004211,1.3811468071660313,-0.2995177752978223,-0.8389049304537816,0.6418856341919286,0.37480246159087227,0.37480246159087205
-1.4655957632026053,-0.6262076752530044,-0.9641673964247316,0.47866954885893237,-0.05285063614027285,1.7834202203233598,0.6418856341919286,-0.6303568619242228,-0.6303568619242231
-0.0252572799265153,-1.64593253338428,1.0371642971004211,-1.3262849677552655,-0.20255437847652377,0.035203453138598906,0.6418856341919286,-1.6571679402163997,-1.6571679402164001
-1.077812325397504,-1.151000965938893,-0.9641673964247316,1.3811468071660313,-0.9679784375785427,-0.40185073865759136,0.6418856341919286,-1.2096675634640024,-1.2096675634640028
-0.35764308375945913,0.47331468965873424,-0.9641673964247316,1.3811468071660313,-0.43181443466486635,-0.40185073865759136,-1.5579099246533263,0.44662058086543843,0.4466205808654377
-0.0252572799265153,-0.8816843805548303,-0.9641673964247316,-1.3262849677552655,-0.06631061187004152,0.035203453138598906,0.6418856341919286,-0.8851862617148252,-0.8851862617148255
1.3596835693774174,-0.3891841433941604,1.0371642971004211,-0.4238077094481666,-0.7120335091928666,-0.40185073865759136,0.6418856341919286,-0.4301959351576397,-0.43019593515764026
0.9719001315723161,-0.7250817734981717,-0.9641673964247316,-1.3262849677552655,-0.9862484150266279,0.035203453138598906,0.6418856341919286,-0.7826575838677182,-0.7826575838677188
-0.46843835170377374,-0.6557576894826446,-0.9641673964247316,0.47866954885893237,-0.12371312515040721,0.035203453138598906,-1.5579099246533263,-0.6633295895393694,-0.6633295895393697
-0.2468478158151445,-0.6546978788457165,-0.9641673964247316,-1.3262849677552655,0.6762137788107115,-0.40185073865759136,0.6418856341919286,-0.6140499424783835,-0.614049942478384
0.030140354045642005,-2.4048816330290896,1.0371642971004211,0.47866954885893237,-0.011405933461720042,0.035203453138598906,-1.5579099246533263,-2.404220047426216,-2.4042200474262163
-1.5763910311469198,0.5384618729287216,-0.9641673964247316,-0.4238077094481666,-0.6257236515668373,0.47225764493478917,0.6418856341919286,0.4989803674540246,0.4989803674540239
1.6366717392382037,0.3893402821327314,-0.9641673964247316,1.3811468071660313,-0.011567220667875978,-1.2759591222499718,-1.5579099246533263,0.3900769157258047,0.39007691572580405
-1.077812325397504,0.6344059064717938,1.0371642971004211,-1.3262849677552655,-0.36622726966875385,-0.40185073865759136,0.6418856341919286,0.6108052523608364,0.6108052523608357
-1.410198129230448,0.5999932316727192,-0.9641673964247316,-0.4238077094481666,0.4057076222194601,-0.8389049304537816,0.6418856341919286,0.6222686599750639,0.6222686599750634
-0.9116194234810322,0.6543552831669096,-0.9641673964247316,-1.3262849677552655,-0.25898754711575284,0.035203453138598906,0.6418856341919286,0.6374858668652044,0.6374858668652037
0.030140354045642005,0.5463792818045957,1.0371642971004211,-1.3262849677552655,6.941942800636898,-0.40185073865759136,0.6418856341919286,0.9624047011007053,0.9624047011007051
-0.9116194234810322,-0.4975341955695078,-0.9641673964247316,-1.3262849677552655,-0.6740696853682672,0.9093118367309794,0.6418856341919286,-0.5385750026082933,-0.5385750026082936
0.9165024976001589,0.8501708837899051,1.0371642971004211,1.3811468071660313,-0.414244353151978,-0.8389049304537816,0.6418856341919286,0.8257480249586385,0.8257480249586381
-0.8562217895088748,-0.13688687000311853,1.0371642971004211,0.47866954885893237,3.4028517699702894,-0.40185073865759136,-1.5579099246533263,0.06617015844607675,0.06617015844607607
-0.46843835170377374,0.9905646222817821,1.0371642971004211,1.3811468071660313,1.1029535246632385,-0.40185073865759136,-1.5579099246533263,1.0555517485359465,1.055551748535946
1.0272977655444735,-1.1557389429039828,1.0371642971004211,-0.4238077094481666,1.015613276206419,-0.8389049304537816,-1.5579099246533263,-1.093142497307183,-1.0931424973071835
-0.7454265215645602,1.453016110795434,-0.9641673964247316,-1.3262849677552655,-0.5082901965497798,0.035203453138598906,-1.5579099246533263,1.4208018251010626,1.4208018251010621
-0.9670170574531894,2.366759905233907,-0.9641673964247316,0.47866954885893237,1.1478868074111868,-0.40185073865759136,-1.5579099246533263,2.433031781624295,2.4330317816242943
0.9165024976001589,0.7437534274818971,1.0371642971004211,-1.3262849677552655,-1.0386318952852795,-0.40185073865759136,0.6418856341919286,0.6820718135498873,0.6820718135498867
1.4150812033495745,1.4660455474494314,-0.9641673964247316,0.47866954885893237,1.8712110121631265,-0.40185073865759136,-1.5579099246533263,1.5788889479112656,1.5788889479112653
0.19633325596211393,0.7082186002437222,-0.9641673964247316,-0.4238077094481666,0.2688117291213092,-1.2759591222499718,-1.5579099246533263,0.7239048404713583,0.7239048404713578
0.41792379185074313,-0.5512104872398036,-0.9641673964247316,0.47866954885893237,-0.16596949458999236,0.035203453138598906,0.6418856341919286,-0.5603793551374492,-0.5603793551374495
1.1380930334887882,1.177777054205009,-0.9641673964247316,-1.3262849677552655,-0.32733246388501047,-0.40185073865759136,0.6418856341919286,1.1587527920877487,1.1587527920877485
-0.1360525478708299,-0.22734482495503397,-0.9641673964247316,-1.3262849677552655,-0.3523299973942349,-0.40185073865759136,-1.5579099246533263,-0.24862247758161857,-0.248622477581619
-0.1360525478708299,-0.00871212473699987,1.0371642971004211,-0.4238077094481666,0.22362311712102645,-0.40185073865759136,0.6418856341919286,0.004487150690285076,0.00448715069028485
0.5287190597950577,2.358094394731966,1.0371642971004211,0.47866954885893237,-0.7402846161392381,-1.2759591222499718,0.6418856341919286,2.3127584864870836,2.3127584864870827
1.1934906674609453,1.2207928977038522,-0.9641673964247316,-1.3262849677552655,-0.9678030897506674,0.47225764493478917,0.6418856341919286,1.1634599501760439,1.1634599501760432
-0.523835985675931,-0.9282537067774911,-0.9641673964247316,0.47866954885893237,-0.30830450044070234,-0.8389049304537816,0.6418856341919286,-0.9469265833958662,-0.9469265833958668
0.30712852390642853,-0.6945342904337758,-0.9641673964247316,-0.4238077094481666,1.853430562051468,0.47225764493478917,0.6418856341919286,-0.582581106845439,-0.5825811068454395
-0.1360525478708299,-0.6460947101459479,-0.9641673964247316,-1.3262849677552655,1.1667308634583413,0.47225764493478917,0.6418856341919286,-0.5757864027752165,-0.5757864027752171
-1.3548004952582906,1.8497593398195482,1.0371642971004211,1.3811468071660313,-0.6031613237850583,0.035203453138598906,0.6418856341919286,1.8110057875310137,1.811005787531013
0.5287190597950577,-0.6048244371079271,1.0371642971004211,0.47866954885893237,0.44288579344418505,-0.40185073865759136,0.6418856341919286,-0.5773875978920558,-0.5773875978920562
-1.0224146914253467,0.33591335767112457,-0.9641673964247316,1.3811468071660313,-0.9468706598070449,-0.40185073865759136,-1.5579099246533263,0.2776624666029142,0.277662466602914
-1.410198129230448,0.13224268997442729,1.0371642971004211,-0.4238077094481666,1.8858689858654318,-0.40185073865759136,0.6418856341919286,0.24367469773883296,0.24367469773883274
0.14093562198995663,0.32961683565172867,1.0371642971004211,1.3811468071660313,0.058217635017222165,0.47225764493478917,0.6418856341919286,0.33313953639477145,0.33313953639477123
-1.1332099593696614,-0.5831294899519888,1.0371642971004211,-0.4238077094481666,-0.1986659495878051,-0.40185073865759136,0.6418856341919286,-0.5960477774660626,-0.5960477774660632
0.36252615787858583,0.1905322750054686,1.0371642971004211,-0.4238077094481666,1.7891409382744752,-0.8389049304537816,-1.5579099246533263,0.297937102571558,0.29793710257155726
-0.0252572799265153,-1.40678938025158,1.0371642971004211,-1.3262849677552655,-1.0290991190710448,0.9093118367309794,0.6418856341919286,-1.4676043766606306,-1.467604376660631
0.36252615787858583,-0.8110511186936862,1.0371642971004211,-0.4238077094481666,0.11516428967250131,0.47225764493478917,-1.5579099246533263,-0.8032742806410399,-0.8032742806410406
1.4150812033495745,-2.2236540141143974,1.0371642971004211,0.47866954885893237,-0.9138040998475052,0.47225764493478917,-1.5579099246533263,-2.275530144077971,-2.275530144077972
1.5258764712938893,-0.3858176860768596,1.0371642971004211,0.47866954885893237,-0.24013046750622508,-0.8389049304537816,-1.5579099246533263,-0.39840700003873775,-0.3984070000387381
1.6366717392382037,0.7133306280218455,-0.9641673964247316,0.47866954885893237,-0.7975123989501224,-0.40185073865759136,-1.5579099246533263,0.6668115915413569,0.6668115915413563
-1.3548004952582906,0.11852749349653523,-0.9641673964247316,-1.3262849677552655,-0.5597774235704678,-0.40185073865759136,0.6418856341919286,0.08330314651376412,0.08330314651376344
1.30428593540526,-1.770491454124409,-0.9641673964247316,0.47866954885893237,-0.6710480019991577,0.035203453138598906,0.6418856341919286,-1.8082556279007544,-1.808255627900755
0.41792379185074313,-0.9150995865191492,-0.9641673964247316,-0.4238077094481666,-0.8005171071659531,0.035203453138598906,0.6418856341919286,-0.9620516052675707,-0.962051605267571
0.9719001315723161,0.4492507540202509,-0.9641673964247316,-0.4238077094481666,0.10132181073792682,1.7834202203233598,0.6418856341919286,0.45641150302925604,0.4564115030292558
-0.523835985675931,1.5005205640506782,-0.9641673964247316,1.3811468071660313,0.7706637920588731,0.9093118367309794,0.6418856341919286,1.5454758010304224,1.545475801030422
-1.1886075933418188,0.8126411188822186,-0.9641673964247316,0.47866954885893237,-0.10616434953259822,0.47225764493478917,0.6418856341919286,0.8045344056967404,0.80453440569674
0.8057072296558443,-0.2965442253662167,1.0371642971004211,1.3811468071660313,-1.0341548673938776,0.035203453138598906,0.6418856341919286,-0.35748719505967363,-0.3574871950596742
-0.41304071773161644,0.2644696523817413,-0.9641673964247316,-1.3262849677552655,-0.6625718878221308,0.9093118367309794,0.6418856341919286,0.22424345600422171,0.2242434560042215
1.1380930334887882,-0.2904347287533375,1.0371642971004211,-1.3262849677552655,0.31790911181089543,-0.8389049304537816,0.6418856341919286,-0.2699870577356591,-0.26998705773565945
0.5841166937672151,1.2045216873368985,1.0371642971004211,-0.4238077094481666,-0.24219533503741122,0.035203453138598906,-1.5579099246533263,1.1899647040453054,1.189964704045305
1.1380930334887882,1.580255729028969,1.0371642971004211,1.3811468071660313,0.3814096579162063,0.035203453138598906,0.6418856341919286,1.6035042687644727,1.6035042687644723
-1.2994028612861332,-1.0302448951312704,-0.9641673964247316,0.47866954885893237,-0.40583516617893733,0.9093118367309794,-1.5579099246533263,-1.0553313871313816,-1.0553313871313823
0.19633325596211393,0.3581070392444409,1.0371642971004211,-0.4238077094481666,-0.6885436892724005,-1.2759591222499718,-1.5579099246533263,0.31664362834795134,0.3166436283479506
0.25173088993427123,-0.12105205225137039,-0.9641673964247316,-0.4238077094481666,-1.0273786099211373,0.035203453138598906,0.6418856341919286,-0.1823120492412699,-0.18231204924127023
0.25173088993427123,0.24314875603883637,-0.9641673964247316,-1.3262849677552655,-0.9698428650853154,-1.713013314046162,-1.5579099246533263,0.18488169910557883,0.1848816991055784
-1.2440052273139761,-0.17005270875874845,1.0371642971004211,-0.4238077094481666,-0.40819846880336785,-1.2759591222499718,-1.5579099246533263,-0.19608425700920634,-0.1960842570092069
-0.0252572799265153,-1.2667696925727363,1.0371642971004211,0.47866954885893237,-0.9538087156023122,-0.40185073865759136,0.6418856341919286,-1.3233365332235418,-1.3233365332235423
1.5258764712938893,1.6391063902795604,-0.9641673964247316,0.47866954885893237,-0.9848828586728944,-0.8389049304537816,-1.5579099246533263,1.5806969328037759,1.5806969328037757
-0.7454265215645602,1.1403719729016668,-0.9641673964247316,0.47866954885893237,-0.4449853846933605,-0.8389049304537816,0.6418856341919286,1.1121327938693983,1.112132793869398
0.030140354045642005,-0.6474038879915648,-0.9641673964247316,1.3811468071660313,-0.6697700496291015,0.47225764493478917,0.6418856341919286,-0.6871042641737998,-0.6871042641738001
-1.6871862990912345,0.2576120541427953,1.0371642971004211,1.3811468071660313,0.7344345095258051,-2.1500675058423524,0.6418856341919286,0.2992983710160139,0.2992983710160135
-1.5209933971747625,-0.8568723432902802,-0.9641673964247316,-1.3262849677552655,-0.9294929734688461,0.47225764493478917,-1.5579099246533263,-0.9138352925678446,-0.9138352925678449
-0.30224544978730183,-0.6684754171257808,-0.9641673964247316,0.47866954885893237,-0.9223144284362653,-0.40185073865759136,0.6418856341919286,-0.7237448496753524,-0.7237448496753527
1.470478837321732,0.45442512360054654,1.0371642971004211,-0.4238077094481666,-0.9213491237163859,-0.8389049304537816,-1.5579099246533263,0.4003784603776603,0.40037846037765984
1.5258764712938893,0.6808505490901102,1.0371642971004211,-0.4238077094481666,-0.4363130574414332,0.47225764493478917,0.6418856341919286,0.6560733331422195,0.656073333142219
1.4150812033495745,-0.6851830201079403,-0.9641673964247316,-0.4238077094481666,-1.0298680304526864,-0.8389049304537816,0.6418856341919286,-0.7450859576687954,-0.7450859576687957
-0.8008241555367176,0.8135762459148022,-0.9641673964247316,-0.4238077094481666,-0.8287426461515917,0.9093118367309794,-1.5579099246533263,0.7625724809172943,0.7625724809172939
-0.2468478158151445,1.0770950436968467,-0.9641673964247316,-1.3262849677552655,0.40585692616137037,0.035203453138598906,0.6418856341919286,1.1005396929889428,1.1005396929889426
0.08553798801779931,0.910206039281769,1.0371642971004211,-0.4238077094481666,0.2933910697249165,0.035203453138598906,0.6418856341919286,0.9273754199564103,0.9273754199564098
0.9165024976001589,1.2550185470964101,1.0371642971004211,0.47866954885893237,-1.0326687394639054,1.3463660285271697,0.6418856341919286,1.1935891525109417,1.1935891525109412
-0.1914501818429872,0.886516154456319,1.0371642971004211,0.47866954885893237,1.2606743492832753,0.47225764493478917,0.6418856341919286,0.9614573508994791,0.9614573508994786
-0.5792336196480884,-0.7499561525648942,-0.9641673964247316,1.3811468071660313,1.2589244203270298,-0.40185073865759136,-1.5579099246533263,-0.67474503038782,-0.6747450303878204
-1.4655957632026053,-1.1764987630273376,1.0371642971004211,-0.4238077094481666,-0.08449561713575601,0.9093118367309794,0.6418856341919286,-1.1824179829062675,-1.182417982906268
1.5812741052660466,1.5961528885828893,1.0371642971004211,0.47866954885893237,0.30860101630554143,1.3463660285271697,0.6418856341919286,1.6157114092105471,1.6157114092105465
-0.5792336196480884,0.7317838014648276,1.0371642971004211,-0.4238077094481666,2.6799300824690113,1.7834202203233598,-1.5579099246533263,0.8916762976073901,0.8916762976073895
1.5258764712938893,-1.2938883765176594,-0.9641673964247316,1.3811468071660313,-0.543517029090391,-1.2759591222499718,0.6418856341919286,-1.3241524583129332,-1.3241524583129336
-1.5763910311469198,-0.7693444530404598,-0.9641673964247316,0.47866954885893237,-0.6402219983079083,-0.8389049304537816,-1.5579099246533263,-0.8091969270933439,-0.8091969270933445
1.4150812033495745,0.9328984552724632,-0.9641673964247316,-1.3262849677552655,-0.08430888744956243,1.7834202203233598,0.6418856341919286,0.9292112624185516,0.9292112624185513
1.0272977655444735,-0.36886071588601127,1.0371642971004211,-0.4238077094481666,-0.3165276307637669,0.035203453138598906,-1.5579099246533263,-0.3865396737659025,-0.38653967376590304
-1.1886075933418188,0.551990044000097,1.0371642971004211,-0.4238077094481666,-0.8912136072107086,-0.8389049304537816,-1.5579099246533263,0.4967664222067302,0.49676642220672995
0.8611048636280015,0.6737435836424752,-0.9641673964247316,1.3811468071660313,-0.3674972245472206,-0.8389049304537816,0.6418856341919286,0.6521626897814097,0.6521626897814092
1.5258764712938893,-1.2596003853229292,1.0371642971004211,0.47866954885893237,0.1508567704779229,0.47225764493478917,0.6418856341919286,-1.2479935953657102,-1.2479935953657106
-1.410198129230448,-0.801512822961334,1.0371642971004211,-0.4238077094481666,-0.8302737882716626,0.47225764493478917,-1.5579099246533263,-0.8523703794870202,-0.8523703794870205
-1.2440052273139761,-0.533941808038094,1.0371642971004211,-1.3262849677552655,-0.5609853307921678,-1.2759591222499718,0.6418856341919286,-0.568803248896546,-0.5688032488965464
-1.410198129230448,0.3078595466936181,-0.9641673964247316,1.3811468071660313,-0.3018113981442453,0.035203453138598906,-1.5579099246533263,0.2879347403277382,0.2879347403277377
1.0826953995166309,-0.7499561525648942,1.0371642971004211,-0.4238077094481666,-1.019526350474558,-1.713013314046162,0.6418856341919286,-0.809638014977168,-0.8096380149771685
