date,sales,day_of_week,month,is_month_start,is_month_end,is_weekend,promotion,temperature,competitor_price
2023-01-01,1131,6,1,1,0,1,0,28.302223624835754,111.19900328762596
2023-01-02,1113,0,1,0,0,0,0,24.05187503806571,80.930397757927
2023-01-03,1137,1,1,0,0,0,0,27.011223436296632,91.46079266022764
2023-01-04,1067,2,1,0,0,0,0,22.39694846288689,96.87430907154031
2023-01-05,1250,3,1,0,0,0,0,23.18102494857233,113.3843693695082
2023-01-06,1339,4,1,0,0,0,0,22.656056012704642,117.94215617854914
2023-01-07,1246,5,1,0,0,1,0,34.20447376022435,110.79185161298531
2023-01-08,1112,6,1,0,0,1,0,34.03840563220534,95.92461464421338
2023-01-09,1222,0,1,0,0,0,0,30.04677543653174,91.00274024858476
2023-01-10,1151,1,1,0,0,0,0,23.253487411844052,84.111093914937
2023-01-11,1198,2,1,0,0,0,0,24.875928003662338,102.921342995525
2023-01-12,1192,3,1,0,0,0,0,29.629019914996686,91.08971964329815
2023-01-13,1324,4,1,0,0,0,0,31.15322450323863,97.50729091152377
2023-01-14,1229,5,1,0,0,1,0,31.070464021364362,80.46257936923773
2023-01-15,1110,6,1,0,0,1,0,30.18600989914812,89.90675135291171
2023-01-16,1168,0,1,0,0,0,0,30.282546389129532,112.35762116711632
2023-01-17,1153,1,1,0,0,0,0,25.12327270464956,108.31193029985045
2023-01-18,1726,2,1,0,0,0,1,28.23853503444369,104.04807014041421
2023-01-19,1245,3,1,0,0,0,0,32.194756665553676,117.57573642148498
2023-01-20,1356,4,1,0,0,0,0,13.374621199092697,108.93334474316302
2023-01-21,1202,5,1,0,0,1,0,31.77024334704636,102.94174810537822
2023-01-22,1053,6,1,0,0,1,0,38.68070852341336,112.1263342437534
2023-01-23,1207,0,1,0,0,0,0,22.62570330900536,109.14739234198578
2023-01-24,1199,1,1,0,0,0,0,26.423780743461506,93.79486661502307
2023-01-25,1664,2,1,0,0,0,1,32.75516682559345,91.69220168348293
2023-01-26,1855,3,1,0,0,0,1,31.774926778141186,103.17413555004634
2023-01-27,1350,4,1,0,0,0,0,19.08690865108054,100.91410821974263
2023-01-28,1345,5,1,0,0,1,0,19.974889650490134,111.68649942605296
2023-01-29,1202,6,1,0,0,1,0,30.528741914531945,90.58483486464328
2023-01-30,1158,0,1,0,0,0,0,22.179747764764837,96.03210121494479
2023-01-31,1216,1,1,0,1,0,0,20.687895265565725,114.72256225483136
2023-02-01,1238,2,2,1,0,0,0,28.936891612206676,111.83786582170586
2023-02-02,1286,3,2,0,0,0,0,33.037743928604826,81.18407696839137
2023-02-03,1408,4,2,0,0,0,0,28.238808762395177,97.87855575877397
2023-02-04,1342,5,2,0,0,1,0,29.156475042611635,107.07933877543519
2023-02-05,1237,6,2,0,0,1,0,28.212289509514893,96.90505739398034
2023-02-06,1269,0,2,0,0,0,0,26.78734822049597,113.96454429706498
2023-02-07,1263,1,2,0,0,0,0,37.65350485536992,112.32870897413926
2023-02-08,1250,2,2,0,0,0,0,28.052759079187496,101.68583770073162
2023-02-09,1298,3,2,0,0,0,0,25.518661104187547,108.97685994695685
2023-02-10,1293,4,2,0,0,0,0,31.883129114589668,100.89681538685008
2023-02-11,1395,5,2,0,0,1,0,30.20524399802677,83.50819748472232
2023-02-12,1236,6,2,0,0,1,0,32.8890900213917,108.63244939578563
2023-02-13,1328,0,2,0,0,0,0,32.71336251677691,103.26313650709119
2023-02-14,1208,1,2,0,0,0,0,36.82897969235894,115.51327427654135
2023-02-15,1253,2,2,0,0,0,0,23.357728155567926,84.14754637692877
2023-02-16,1297,3,2,0,0,0,0,29.067268099720494,98.53404310935406
2023-02-17,1491,4,2,0,0,0,0,24.87345592054482,85.8306719155704
2023-02-18,1376,5,2,0,0,1,0,19.264484245580704,115.50866527401499
2023-02-19,1289,6,2,0,0,1,0,32.34540035957916,97.99868213435495
2023-02-20,1305,0,2,0,0,0,0,26.28809851332037,112.88659641828826
2023-02-21,1272,1,2,0,0,0,0,35.9188948900667,110.35433218406595
2023-02-22,1361,2,2,0,0,0,0,23.68808775915994,114.96351502816778
2023-02-23,1327,3,2,0,0,0,0,26.381851279278294,118.21758725259495
2023-02-24,1520,4,2,0,0,0,0,32.81151419252173,97.17767605643184
2023-02-25,1503,5,2,0,0,1,0,22.914241565459747,92.81259604021336
2023-02-26,1179,6,2,0,0,1,0,21.20049246187542,114.13929989806957
2023-02-27,1363,0,2,0,0,0,0,31.83933016840692,111.332643419535
2023-02-28,1332,1,2,0,1,0,0,28.28450955551161,91.40318647992068
2023-03-01,1274,2,3,1,0,0,0,20.574918375051585,118.35350929751252
2023-03-02,1302,3,3,0,0,0,0,25.517482314112165,111.17397017503184
2023-03-03,1450,4,3,0,0,0,0,25.489358765429454,100.98868172317054
2023-03-04,1328,5,3,0,0,1,0,27.80257802343792,85.72235425451593
2023-03-05,1303,6,3,0,0,1,0,25.6457436141601,119.63215102390409
2023-03-06,1381,0,3,0,0,0,0,39.609816418620035,89.3205786888118
2023-03-07,1836,1,3,0,0,0,1,27.580970577121583,102.75222504548051
2023-03-08,1350,2,3,0,0,0,0,29.759453466108752,84.47342815518614
2023-03-09,1390,3,3,0,0,0,0,32.16144961524867,108.11342419568638
2023-03-10,1485,4,3,0,0,0,0,21.4542423769911,91.75597096183076
2023-03-11,1375,5,3,0,0,1,0,32.972908726496975,101.71930525153527
2023-03-12,1310,6,3,0,0,1,0,27.236936902955204,108.72029526945653
2023-03-13,1396,0,3,0,0,0,0,32.070800051587355,94.67110160364841
2023-03-14,1323,1,3,0,0,0,0,22.217857517465568,84.22820131514231
2023-03-15,1384,2,3,0,0,0,0,32.79587857493041,113.52531649282619
2023-03-16,1413,3,3,0,0,0,0,29.299408640572548,111.92295524724777
2023-03-17,1435,4,3,0,0,0,0,36.85299483195251,117.07098247878393
2023-03-18,1460,5,3,0,0,1,0,33.39600807097551,110.10922038046755
2023-03-19,1320,6,3,0,0,1,0,26.70465592163592,104.66104069310686
2023-03-20,1382,0,3,0,0,0,0,25.898342524290896,112.10657026568835
2023-03-21,1367,1,3,0,0,0,0,22.885266163922957,98.53318118452509
2023-03-22,1396,2,3,0,0,0,0,33.06933947081685,108.36617293766633
2023-03-23,1379,3,3,0,0,0,0,21.14623832409809,84.63823235427965
2023-03-24,1438,4,3,0,0,0,0,20.51434864892333,110.62156507194672
2023-03-25,1421,5,3,0,0,1,0,26.10767930732662,102.21461236616202
2023-03-26,1293,6,3,0,0,1,0,36.86140406253329,100.69690051436234
2023-03-27,1270,0,3,0,0,0,0,23.738244607868,95.02187150343774
2023-03-28,1270,1,3,0,0,0,0,33.13384871704637,116.62581014623603
2023-03-29,1399,2,3,0,0,0,0,28.245688432785585,112.16214026376565
2023-03-30,2172,3,3,0,0,0,1,25.960460967179866,84.55410970432325
2023-03-31,1452,4,3,0,1,0,0,33.523588593203954,116.97159414978532
2023-04-01,1433,5,4,1,0,1,0,32.43519049257483,119.94158033491203
2023-04-02,1366,6,4,0,0,1,0,24.622507136942552,113.65745402732713
2023-04-03,1392,0,4,0,0,0,0,28.308573038747923,92.220850128572
2023-04-04,1427,1,4,0,0,0,0,31.02732440955321,108.31316724097911
2023-04-05,1268,2,4,0,0,0,0,33.55575966885293,89.7327151413473
2023-04-06,1434,3,4,0,0,0,0,23.403063807781372,96.46285521726249
2023-04-07,1503,4,4,0,0,0,0,24.799848063069046,81.97555388733524
2023-04-08,1421,5,4,0,0,1,0,30.339808762431183,119.5143508195572
2023-04-09,1379,6,4,0,0,1,0,28.08514204996907,88.07111681945501
2023-04-10,1383,0,4,0,0,0,0,30.89762165866573,113.54322752950478
2023-04-11,1330,1,4,0,0,0,0,17.477412763039087,111.9216875145254
2023-04-12,1411,2,4,0,0,0,0,31.556373404537695,96.87066275652485
2023-04-13,1321,3,4,0,0,0,0,29.719773227815413,91.89469939040177
2023-04-14,1509,4,4,0,0,0,0,19.303851388886105,100.9946732208284
2023-04-15,1443,5,4,0,0,1,0,25.013461084518987,85.02585045225283
2023-04-16,1347,6,4,0,0,1,0,25.17217152094561,104.3102478018313
2023-04-17,1392,0,4,0,0,0,0,32.86287830385653,91.10339461633772
2023-04-18,1463,1,4,0,0,0,0,27.598699245863756,93.05872350892935
2023-04-19,1721,2,4,0,0,0,1,32.8182568687744,81.83770813221639
2023-04-20,1422,3,4,0,0,0,0,24.738169567307423,102.49819046468895
2023-04-21,1589,4,4,0,0,0,0,23.597895011734483,113.66749063992549
2023-04-22,1373,5,4,0,0,1,0,26.479829797899814,89.42841324343601
2023-04-23,1332,6,4,0,0,1,0,32.90179217980311,92.98850431775693
2023-04-24,1924,0,4,0,0,0,1,30.746256011969432,105.34143785022133
2023-04-25,1362,1,4,0,0,0,0,26.280128024173887,100.44941059849299
2023-04-26,1363,2,4,0,0,0,0,33.91741563809427,96.24270266448157
2023-04-27,1399,3,4,0,0,0,0,28.582933358529328,96.46120011848089
2023-04-28,1412,4,4,0,0,0,0,26.08913134323684,95.48914001145458
2023-04-29,1347,5,4,0,0,1,0,31.542001805457843,113.53864291830342
2023-04-30,1272,6,4,0,1,1,0,29.902039663288374,91.67708728640926
2023-05-01,1379,0,5,1,0,0,0,25.63057980687128,94.57729747592724
2023-05-02,1312,1,5,0,0,0,0,29.903957157572258,111.12074116962431
2023-05-03,1323,2,5,0,0,0,0,35.371507881151885,89.5161535526553
2023-05-04,1291,3,5,0,0,0,0,27.568996724882187,92.83242180232526
2023-05-05,1401,4,5,0,0,0,0,29.129172572199376,80.33701363536254
2023-05-06,1422,5,5,0,0,1,0,31.604085625681122,99.7715622471232
2023-05-07,1290,6,5,0,0,1,0,33.03586063978082,108.77992040696576
2023-05-08,1428,0,5,0,0,0,0,30.958974513417306,94.29253042771242
2023-05-09,1344,1,5,0,0,0,0,33.20859247499753,99.52353399307597
2023-05-10,1436,2,5,0,0,0,0,26.958260629468576,97.43519240667035
2023-05-11,1377,3,5,0,0,0,0,30.02216901457225,93.0038535742625
2023-05-12,1381,4,5,0,0,0,0,29.22167260345535,108.89925876482913
2023-05-13,1405,5,5,0,0,1,0,25.91364919312099,116.23083132265367
2023-05-14,1223,6,5,0,0,1,0,29.07500669506051,113.65697265941941
2023-05-15,1313,0,5,0,0,0,0,28.30553614128944,97.69287091154675
2023-05-16,1316,1,5,0,0,0,0,26.658238911624853,108.84194849132061
2023-05-17,1333,2,5,0,0,0,0,26.789631927939883,109.21273273981842
2023-05-18,1314,3,5,0,0,0,0,27.95920944300308,115.18499224999698
2023-05-19,1446,4,5,0,0,0,0,30.19249716803978,109.4934715947268
2023-05-20,1354,5,5,0,0,1,0,19.853104738536132,116.5267609260591
2023-05-21,1310,6,5,0,0,1,0,29.6073993965318,91.00270417031103
2023-05-22,1228,0,5,0,0,0,0,22.701227783880473,118.69117175642113
2023-05-23,1271,1,5,0,0,0,0,35.33777575641563,100.9242304390083
2023-05-24,1162,2,5,0,0,0,0,18.267678714641995,87.52758184062805
2023-05-25,1387,3,5,0,0,0,0,31.31950324352583,108.15524240013609
2023-05-26,1509,4,5,0,0,0,0,19.483073834706175,105.66062324351395
2023-05-27,1705,5,5,0,0,1,1,31.598972056305513,96.82139061780933
2023-05-28,1169,6,5,0,0,1,0,30.14040164548016,100.64444229734431
2023-05-29,1298,0,5,0,0,0,0,25.416739776931596,88.11755631233
2023-05-30,1246,1,5,0,0,0,0,33.71322098184529,87.2122771554454
2023-05-31,1871,2,5,0,1,0,1,22.687812316322976,101.34907719144083
2023-06-01,1279,3,6,1,0,0,0,25.413114972826857,92.36714861169645
2023-06-02,1382,4,6,0,0,0,0,30.25915855612656,113.19618925131252
2023-06-03,1346,5,6,0,0,1,0,36.957697646012264,106.92271254438563
2023-06-04,1246,6,6,0,0,1,0,32.061261225447915,95.1859191455698
2023-06-05,1333,0,6,0,0,0,0,29.728662352452087,81.56301237433902
2023-06-06,1271,1,6,0,0,0,0,32.91201101164951,114.5474687199908
2023-06-07,1272,2,6,0,0,0,0,29.648691887874005,83.52206227640832
2023-06-08,1361,3,6,0,0,0,0,30.76079119116733,119.99263699998588
2023-06-09,1350,4,6,0,0,0,0,28.399925520067143,114.7711120747777
2023-06-10,1320,5,6,0,0,1,0,27.823417398165503,85.51269933336806
2023-06-11,1152,6,6,0,0,1,0,28.20901693674296,110.03850276356971
2023-06-12,1289,0,6,0,0,0,0,22.967619948600955,98.69053816349745
2023-06-13,1166,1,6,0,0,0,0,22.687283179993074,94.13573635385517
2023-06-14,1274,2,6,0,0,0,0,30.560502267130232,101.04248092867127
2023-06-15,1390,3,6,0,0,0,0,28.517929446996096,85.30134036180078
2023-06-16,1282,4,6,0,0,0,0,19.528042281195713,92.89416920525308
2023-06-17,1361,5,6,0,0,1,0,29.496940163494585,104.50109888964552
2023-06-18,1206,6,6,0,0,1,0,29.690106698334468,108.53275540415757
2023-06-19,1240,0,6,0,0,0,0,16.403507645998765,93.04386751964144
2023-06-20,1509,1,6,0,0,0,1,30.015692713726054,112.81043233372128
2023-06-21,1265,2,6,0,0,0,0,34.426962152098014,110.74028806416479
2023-06-22,1289,3,6,0,0,0,0,22.31858636848747,108.4563235906378
2023-06-23,1263,4,6,0,0,0,0,34.582906792404025,117.37912701610776
2023-06-24,1268,5,6,0,0,1,0,28.187037503607325,87.68404007501648
2023-06-25,1147,6,6,0,0,1,0,30.242528660303904,91.11240511351517
2023-06-26,1235,0,6,0,0,0,0,28.115832360797146,104.77593512669681
2023-06-27,1218,1,6,0,0,0,0,27.245558616132694,99.6955138340868
2023-06-28,1139,2,6,0,0,0,0,24.495204758531106,86.99528752495478
2023-06-29,1207,3,6,0,0,0,0,31.525379253699032,94.94653716844736
2023-06-30,1257,4,6,0,1,0,0,29.594701980168747,100.62067584151288
2023-07-01,1210,5,7,1,0,1,0,18.165882491354708,110.64280893183198
2023-07-02,1172,6,7,0,0,1,0,32.45657265364818,102.66070915031159
2023-07-03,1204,0,7,0,0,0,0,25.107710529720535,116.84870106026426
2023-07-04,1208,1,7,0,0,0,0,29.635039278954533,103.64806307521762
2023-07-05,1176,2,7,0,0,0,0,32.6259397141513,100.97417838281862
2023-07-06,1285,3,7,0,0,0,0,25.997792371427455,105.9057326280839
2023-07-07,1296,4,7,0,0,0,0,24.037785453685498,93.54602656980889
2023-07-08,1226,5,7,0,0,1,0,28.27756441710451,108.99956272705855
2023-07-09,1131,6,7,0,0,1,0,32.2451948488911,90.20315821163983
2023-07-10,1139,0,7,0,0,0,0,27.08661267368257,103.16063782859584
2023-07-11,1120,1,7,0,0,0,0,31.621449683330326,87.30987939576447
2023-07-12,1185,2,7,0,0,0,0,20.14404125792661,86.89569524508006
2023-07-13,1204,3,7,0,0,0,0,28.203444127449536,111.29830070712364
2023-07-14,1355,4,7,0,0,0,0,35.18366359471618,92.72427941936425
2023-07-15,1289,5,7,0,0,1,0,23.890755860499237,118.70381400817564
2023-07-16,1052,6,7,0,0,1,0,18.931242351767555,111.41043565263955
2023-07-17,1145,0,7,0,0,0,0,24.558467763625025,93.63726094488666
2023-07-18,1183,1,7,0,0,0,0,30.375529011778433,89.17330540246427
2023-07-19,1188,2,7,0,0,0,0,24.269031439432865,93.45387960342751
2023-07-20,1211,3,7,0,0,0,0,24.87036532483067,111.711575832088
2023-07-21,1265,4,7,0,0,0,0,25.12818684235912,90.92883215884561
2023-07-22,1169,5,7,0,0,1,0,38.816496126153766,107.15107791702624
2023-07-23,1126,6,7,0,0,1,0,28.57679637848297,100.64522681429858
2023-07-24,1154,0,7,0,0,0,0,33.39533742973641,117.97911363762583
2023-07-25,1128,1,7,0,0,0,0,31.953151038083718,87.21438401188952
2023-07-26,1191,2,7,0,0,0,0,31.51914170183626,101.29728299859299
2023-07-27,1129,3,7,0,0,0,0,31.016303753033,80.40105658442033
2023-07-28,1272,4,7,0,0,0,0,27.43432233369078,92.74437495802752
2023-07-29,1027,5,7,0,0,1,0,29.870918670074918,96.15818337569434
2023-07-30,1089,6,7,0,0,1,0,33.997935780050916,90.79366402485593
2023-07-31,1071,0,7,0,1,0,0,32.75933527247682,97.95922345163845
2023-08-01,1080,1,8,1,0,0,0,22.854278221368965,82.40611497627701
2023-08-02,1088,2,8,0,0,0,0,27.499485316660337,101.62987347702389
2023-08-03,1216,3,8,0,0,0,0,28.896391310646237,116.23703479403302
2023-08-04,1184,4,8,0,0,0,0,20.373161725431103,99.84408640350236
2023-08-05,1170,5,8,0,0,1,0,24.12605348066244,93.52201507137886
2023-08-06,1087,6,8,0,0,1,0,29.349763714728986,119.00136976186931
2023-08-07,1049,0,8,0,0,0,0,16.840469186483784,108.35511800721557
2023-08-08,1071,1,8,0,0,0,0,25.890708687511236,91.52332458770032
2023-08-09,1106,2,8,0,0,0,0,28.157550605078047,92.65195305413958
2023-08-10,1117,3,8,0,0,0,0,32.40490710373376,117.80515600865598
2023-08-11,1259,4,8,0,0,0,0,32.91197691238757,112.43306231630642
2023-08-12,1119,5,8,0,0,1,0,26.184190348139765,99.04382944984162
2023-08-13,1043,6,8,0,0,1,0,22.66211794141958,100.0213075883297
2023-08-14,1115,0,8,0,0,0,0,22.50751895142693,91.02936007151294
2023-08-15,1055,1,8,0,0,0,0,35.43212069007535,106.58893424491916
2023-08-16,1079,2,8,0,0,0,0,31.260654878135938,115.48224370253234
2023-08-17,1105,3,8,0,0,0,0,13.97953723042262,105.2119813356841
2023-08-18,1160,4,8,0,0,0,0,37.02685095093965,98.68802969276047
2023-08-19,1057,5,8,0,0,1,0,31.601394236929863,94.51449429444664
2023-08-20,983,6,8,0,0,1,0,28.125882015217744,117.73467200720177
2023-08-21,1029,0,8,0,0,0,0,30.19078544208315,91.56871924913966
2023-08-22,1057,1,8,0,0,0,0,25.948179667140266,100.0769753709144
2023-08-23,1154,2,8,0,0,0,0,29.75128962048109,94.10623807814594
2023-08-24,1631,3,8,0,0,0,1,25.474117252670432,118.41151713408618
2023-08-25,1173,4,8,0,0,0,0,30.172755179019145,88.05005332319601
2023-08-26,1183,5,8,0,0,1,0,20.50682264339052,103.92345392549578
2023-08-27,957,6,8,0,0,1,0,27.09983983309239,98.62444749450371
2023-08-28,1018,0,8,0,0,0,0,32.75552651011298,94.50081202125318
2023-08-29,1002,1,8,0,0,0,0,26.7038393469128,102.6871729468867
2023-08-30,1053,2,8,0,0,0,0,27.830044985490154,113.12788809300542
2023-08-31,1030,3,8,0,1,0,0,22.561057691878034,90.07232073739213
2023-09-01,1211,4,9,1,0,0,0,33.53506734059632,101.84441739399624
2023-09-02,1054,5,9,0,0,1,0,25.72571277520513,83.03516008455829
2023-09-03,917,6,9,0,0,1,0,30.846374663956247,103.96739504738635
2023-09-04,1063,0,9,0,0,0,0,22.734741872780326,94.65321653936182
2023-09-05,996,1,9,0,0,0,0,19.512667469887617,110.62933149197647
2023-09-06,1035,2,9,0,0,0,0,27.62527844430384,115.61187100578313
2023-09-07,1141,3,9,0,0,0,0,27.690151089640437,103.17365471460508
2023-09-08,1197,4,9,0,0,0,0,19.488986057427695,99.1587168158432
2023-09-09,1145,5,9,0,0,1,0,25.62531609286733,94.43285375164598
2023-09-10,1078,6,9,0,0,1,0,28.411875528326195,90.35558349753101
2023-09-11,1022,0,9,0,0,0,0,27.02729443262271,82.97995631829862
2023-09-12,995,1,9,0,0,0,0,27.63010009260703,83.66639569250985
2023-09-13,1048,2,9,0,0,0,0,24.981009979287148,95.97514439674481
2023-09-14,1111,3,9,0,0,0,0,23.834242572760946,91.77389052267773
2023-09-15,1120,4,9,0,0,0,0,25.208873483586494,95.05756512037914
2023-09-16,1089,5,9,0,0,1,0,26.69767155962843,87.80593159389917
2023-09-17,905,6,9,0,0,1,0,23.764253081975262,112.38360714430058
2023-09-18,1676,0,9,0,0,0,1,31.944073117876396,91.38832774025298
2023-09-19,965,1,9,0,0,0,0,21.59104815240905,115.13065760153515
2023-09-20,1042,2,9,0,0,0,0,30.096917985967472,110.06386433900907
2023-09-21,994,3,9,0,0,0,0,26.424766091598222,94.49105325259248
2023-09-22,1170,4,9,0,0,0,0,34.42539374298687,93.34092804382887
2023-09-23,1016,5,9,0,0,1,0,34.26288705826103,90.62750369577535
2023-09-24,1005,6,9,0,0,1,0,35.43948701391574,103.28732183197363
2023-09-25,1027,0,9,0,0,0,0,32.50949577597328,80.92800752365787
2023-09-26,1065,1,9,0,0,0,0,26.063744195754055,113.54312885140462
2023-09-27,1057,2,9,0,0,0,0,26.126882333774603,113.5782398182585
2023-09-28,1010,3,9,0,0,0,0,34.757915699393024,97.66781287877986
2023-09-29,1102,4,9,0,0,0,0,24.29079967156978,97.11743609690066
2023-09-30,1043,5,9,0,1,1,0,32.17558022084882,112.51785937339176
2023-10-01,984,6,10,1,0,1,0,37.66912529384213,108.26471967114314
2023-10-02,1087,0,10,0,0,0,0,25.74088056768415,106.85626374756237
2023-10-03,917,1,10,0,0,0,0,29.083895950297077,82.1659475145873
2023-10-04,1077,2,10,0,0,0,0,22.2266391625048,92.65944217805699
2023-10-05,1069,3,10,0,0,0,0,27.326024786579435,115.53304367913495
2023-10-06,1109,4,10,0,0,0,0,21.212028404509997,113.18307605374004
2023-10-07,1051,5,10,0,0,1,0,24.522966990796725,109.00837855182255
2023-10-08,1017,6,10,0,0,1,0,26.940755377751277,86.70965534238616
2023-10-09,1042,0,10,0,0,0,0,32.880647082395306,99.19926988486054
2023-10-10,1128,1,10,0,0,0,0,31.457218669574054,107.589399371711
2023-10-11,977,2,10,0,0,0,0,22.917275705964222,93.87012118736772
2023-10-12,1669,3,10,0,0,0,1,31.471693768687395,115.96915791029312
2023-10-13,1134,4,10,0,0,0,0,19.689722353018457,96.24666340550309
2023-10-14,1008,5,10,0,0,1,0,29.554982415133622,118.13632516697223
2023-10-15,996,6,10,0,0,1,0,11.41153565652725,101.98825794963824
2023-10-16,1006,0,10,0,0,0,0,25.388868627088147,117.40594533855898
2023-10-17,1060,1,10,0,0,0,0,27.416049422459743,118.2179593944652
2023-10-18,1103,2,10,0,0,0,0,33.94741706421025,115.65716028513683
2023-10-19,1059,3,10,0,0,0,0,37.19176180033813,118.53055051034457
2023-10-20,1195,4,10,0,0,0,0,23.67677625323455,105.57835892469566
2023-10-21,1107,5,10,0,0,1,0,37.04189993247823,115.56636877708854
2023-10-22,1054,6,10,0,0,1,0,27.149039118200914,101.37964623991493
2023-10-23,948,0,10,0,0,0,0,19.210832869557617,96.39230751925624
2023-10-24,1069,1,10,0,0,0,0,18.014871106547997,113.93251251981192
2023-10-25,1144,2,10,0,0,0,0,29.676424134984345,104.7887187684556
2023-10-26,1185,3,10,0,0,0,0,30.672477880140807,92.04668477843457
2023-10-27,1190,4,10,0,0,0,0,33.081119866977666,105.08050465786191
2023-10-28,1112,5,10,0,0,1,0,25.671133203145637,95.98480690955577
2023-10-29,1083,6,10,0,0,1,0,28.656420611960915,87.36035539684123
2023-10-30,1073,0,10,0,0,0,0,26.04973655203161,96.01613918862597
2023-10-31,1006,1,10,0,1,0,0,31.95469081959778,105.18253614230055
2023-11-01,1031,2,11,1,0,0,0,35.388085734108586,112.81522140551539
2023-11-02,1136,3,11,0,0,0,0,33.43727982200994,83.85231988555451
2023-11-03,1223,4,11,0,0,0,0,27.69177104788867,89.91985665964988
2023-11-04,1105,5,11,0,0,1,0,30.009692541178286,93.22293425077241
2023-11-05,1034,6,11,0,0,1,0,28.744092206829997,119.31696099766894
2023-11-06,1047,0,11,0,0,0,0,21.3721209293911,101.56433325091825
2023-11-07,1134,1,11,0,0,0,0,25.126432153953793,112.94812088812321
2023-11-08,930,2,11,0,0,0,0,34.73011642114309,98.66408102139665
2023-11-09,1115,3,11,0,0,0,0,33.56303340150845,96.23814079965564
2023-11-10,1128,4,11,0,0,0,0,40.52422045002352,80.79598851842235
2023-11-11,1204,5,11,0,0,1,0,24.743608489740232,104.78427352999233
2023-11-12,1011,6,11,0,0,1,0,25.211623945629427,85.51857391998081
2023-11-13,1023,0,11,0,0,0,0,31.27426497883893,88.13337157982164
2023-11-14,1079,1,11,0,0,0,0,33.817422052520115,107.20264674188456
2023-11-15,1168,2,11,0,0,0,0,25.704714629460597,105.57428734425844
2023-11-16,1019,3,11,0,0,0,0,19.2370539454307,107.46074106613484
2023-11-17,1163,4,11,0,0,0,0,29.353833894061445,80.51516027401925
2023-11-18,1187,5,11,0,0,1,0,23.951785745074638,113.95261148508018
2023-11-19,1128,6,11,0,0,1,0,24.507478541426256,103.72949177292028
2023-11-20,1095,0,11,0,0,0,0,31.19325300555241,103.05772672695394
2023-11-21,1103,1,11,0,0,0,0,28.358321411435032,97.05120603513879
2023-11-22,1160,2,11,0,0,0,0,25.895543545703518,81.79349172687179
2023-11-23,1073,3,11,0,0,0,0,19.602953254953384,113.01118018409781
2023-11-24,1222,4,11,0,0,0,0,24.53291063050202,113.88692997304344
2023-11-25,1181,5,11,0,0,1,0,33.16022528105263,116.9558030399639
2023-11-26,1005,6,11,0,0,1,0,21.96324433035635,107.53607415967826
2023-11-27,1167,0,11,0,0,0,0,23.784026767225875,118.57810648101835
2023-11-28,1154,1,11,0,0,0,0,33.35827748694581,99.11252879591856
2023-11-29,1181,2,11,0,0,0,0,33.1170910009068,110.95557778795502
2023-11-30,1241,3,11,0,1,0,0,23.45771778633015,91.31201799034207
2023-12-01,1177,4,12,1,0,0,0,29.168114920757453,114.03059258957836
2023-12-02,1316,5,12,0,0,1,0,31.748353952792606,99.82330062895446
2023-12-03,1014,6,12,0,0,1,0,32.28944914675227,84.23112531347002
2023-12-04,1197,0,12,0,0,0,0,23.644696048934087,87.24659267032034
2023-12-05,1116,1,12,0,0,0,0,26.36084293966274,84.81266715227905
2023-12-06,1192,2,12,0,0,0,0,41.84329148498728,83.69729963269526
2023-12-07,1175,3,12,0,0,0,0,33.39687776900396,91.14802340644901
2023-12-08,1226,4,12,0,0,0,0,31.413239609413687,82.61984487586066
2023-12-09,1212,5,12,0,0,1,0,35.880372314105244,106.84073463662932
2023-12-10,1109,6,12,0,0,1,0,31.995308749477996,88.40255186257937
2023-12-11,1162,0,12,0,0,0,0,23.633168066846267,113.08552533872825
2023-12-12,1223,1,12,0,0,0,0,22.974379792918366,82.3312007585429
2023-12-13,1093,2,12,0,0,0,0,18.569628167667517,119.7283095148075
2023-12-14,1145,3,12,0,0,0,0,30.25223168764164,98.86866679106518
2023-12-15,1289,4,12,0,0,0,0,32.28749712749543,109.42695252345464
2023-12-16,1178,5,12,0,0,1,0,35.583624869997365,82.89492679986618
2023-12-17,1100,6,12,0,0,1,0,28.946097602176586,90.78003924508148
2023-12-18,1256,0,12,0,0,0,0,24.56755759840877,80.54976171185425
2023-12-19,1136,1,12,0,0,0,0,24.52930202688698,118.23681020943903
2023-12-20,1235,2,12,0,0,0,0,30.665713709145585,98.64858287175235
2023-12-21,1242,3,12,0,0,0,0,21.694857260137297,83.23658492600738
2023-12-22,1316,4,12,0,0,0,0,21.9495354943845,106.65894402613542
2023-12-23,1290,5,12,0,0,1,0,29.38013665269494,89.07562133184958
2023-12-24,1217,6,12,0,0,1,0,36.40117956400483,104.49931801881202
2023-12-25,1250,0,12,0,0,0,0,30.21420505294744,83.9803533851709
2023-12-26,1134,1,12,0,0,0,0,25.77160163222992,88.238627463816
2023-12-27,1230,2,12,0,0,0,0,31.82947523119306,105.18071030382376
2023-12-28,1276,3,12,0,0,0,0,28.846487479184216,114.05788948461581
2023-12-29,1272,4,12,0,0,0,0,31.761884054937212,80.09210453631854
2023-12-30,1331,5,12,0,0,1,0,16.113041575040405,84.15755193893023
2023-12-31,1305,6,12,0,1,1,0,30.215905860014853,101.62925861633096
2024-01-01,1191,0,1,1,0,0,0,29.37672956665245,108.64922504861865
2024-01-02,1637,1,1,0,0,0,1,42.08314078825704,99.54771923326759
2024-01-03,1340,2,1,0,0,0,0,30.513947600973776,119.67536416287604
2024-01-04,1245,3,1,0,0,0,0,29.902080411340876,98.80106038169436
2024-01-05,1971,4,1,0,0,0,1,23.573970676250465,83.00812757611543
2024-01-06,1358,5,1,0,0,1,0,24.102533644844346,98.13518047579919
2024-01-07,1250,6,1,0,0,1,0,18.16126077943749,92.92930264602026
2024-01-08,1304,0,1,0,0,0,0,23.885191650677065,107.2751554596301
2024-01-09,1279,1,1,0,0,0,0,30.26728792674785,112.35603262769277
2024-01-10,1226,2,1,0,0,0,0,27.917771340649743,98.67768979301657
2024-01-11,1399,3,1,0,0,0,0,29.620635276812457,82.3243969870635
2024-01-12,1389,4,1,0,0,0,0,28.715806389480107,81.95428379381389
2024-01-13,1330,5,1,0,0,1,0,18.113972305359844,92.88424337894575
2024-01-14,1215,6,1,0,0,1,0,35.72107603750969,84.72644485845488
2024-01-15,1352,0,1,0,0,0,0,29.50990931586573,99.20295209355498
2024-01-16,1275,1,1,0,0,0,0,24.590544889370214,113.19289369231143
2024-01-17,1265,2,1,0,0,0,0,23.864889990883597,84.653805529666
2024-01-18,1356,3,1,0,0,0,0,27.793999110850436,95.6403410600991
2024-01-19,1497,4,1,0,0,0,0,11.389370383534697,91.97899617335474
2024-01-20,1343,5,1,0,0,1,0,14.679202566750767,101.12440652737686
2024-01-21,1299,6,1,0,0,1,0,31.20027318628304,116.4899447416389
2024-01-22,1400,0,1,0,0,0,0,29.677612040885776,85.19501594782322
2024-01-23,1303,1,1,0,0,0,0,25.297497400507623,90.14924881690527
2024-01-24,1363,2,1,0,0,0,0,37.507473027866695,80.76432430129563
2024-01-25,1550,3,1,0,0,0,0,29.27937683223173,97.02884440905441
2024-01-26,1546,4,1,0,0,0,0,32.68506468697546,115.13092362560704
2024-01-27,1397,5,1,0,0,1,0,34.49940290713614,99.15080918291694
2024-01-28,1374,6,1,0,0,1,0,29.10428409492226,91.83838687114024
2024-01-29,1415,0,1,0,0,0,0,41.04359072918417,113.07176531900768
2024-01-30,1258,1,1,0,0,0,0,26.448511753692447,103.1038198925306
2024-01-31,1355,2,1,0,1,0,0,28.889997023258392,114.4750223877357
2024-02-01,1486,3,2,1,0,0,0,34.010635783571146,118.37642663428782
2024-02-02,1509,4,2,0,0,0,0,34.842914117404774,82.28861170338945
2024-02-03,1366,5,2,0,0,1,0,29.680425175387747,87.99227267428859
2024-02-04,1322,6,2,0,0,1,0,25.754458396100944,117.84311859414899
2024-02-05,1344,0,2,0,0,0,0,24.37661344664705,86.27236996994729
2024-02-06,1399,1,2,0,0,0,0,17.545445535294803,99.45373694358264
2024-02-07,1317,2,2,0,0,0,0,25.525092933871903,105.14114580538066
2024-02-08,1364,3,2,0,0,0,0,25.08091604393134,86.23112932560743
2024-02-09,1456,4,2,0,0,0,0,21.217159926809728,83.19039978734757
2024-02-10,1426,5,2,0,0,1,0,20.682090653892498,88.02119857469295
2024-02-11,1297,6,2,0,0,1,0,29.47324644369015,103.35768580133293
2024-02-12,1419,0,2,0,0,0,0,28.77505586285855,102.54083408446039
2024-02-13,1427,1,2,0,0,0,0,31.60898344229852,81.12381972486749
2024-02-14,1414,2,2,0,0,0,0,17.182995815620416,106.25991215816006
2024-02-15,1450,3,2,0,0,0,0,19.692744397224207,115.51083919885716
2024-02-16,1441,4,2,0,0,0,0,36.75788434529801,103.28350147690756
2024-02-17,1463,5,2,0,0,1,0,34.42937858732606,106.377806482789
2024-02-18,1387,6,2,0,0,1,0,22.68966038547395,85.24549927554838
2024-02-19,1443,0,2,0,0,0,0,24.251000592063573,82.2192297758982
2024-02-20,1414,1,2,0,0,0,0,32.84635732922856,91.38779928477484
2024-02-21,1365,2,2,0,0,0,0,27.79858821986283,90.47763518150447
2024-02-22,1431,3,2,0,0,0,0,20.22483872787161,103.66931966973762
2024-02-23,1486,4,2,0,0,0,0,21.109063618451096,92.78446734059524
2024-02-24,1496,5,2,0,0,1,0,24.238810639058997,106.06239981744214
2024-02-25,1393,6,2,0,0,1,0,21.86755114962987,100.167828481636
2024-02-26,1418,0,2,0,0,0,0,30.95765225777039,95.61030834777901
2024-02-27,1521,1,2,0,0,0,0,27.241288140827887,113.09982456794373
2024-02-28,1486,2,2,0,0,0,0,30.63798237644666,89.95442270830426
2024-02-29,1413,3,2,0,1,0,0,27.21247542683251,80.54437124940672
2024-03-01,1575,4,3,1,0,0,0,26.1027924657119,90.24319918534933
2024-03-02,1550,5,3,0,0,1,0,27.10587634505798,94.93175530118961
2024-03-03,1393,6,3,0,0,1,0,26.28424021702596,88.29774962135059
2024-03-04,1485,0,3,0,0,0,0,23.126499539167614,97.77070676352625
2024-03-05,1538,1,3,0,0,0,0,23.80722512918594,93.66228114097241
2024-03-06,1459,2,3,0,0,0,0,37.735188824347674,95.96792190784254
2024-03-07,1479,3,3,0,0,0,0,13.307516481600846,94.29031583904492
2024-03-08,1447,4,3,0,0,0,0,34.372062495083036,88.44583471910825
2024-03-09,1414,5,3,0,0,1,0,29.668016127281646,91.22123821744479
2024-03-10,1392,6,3,0,0,1,0,28.19121670604214,83.02215481902745
2024-03-11,1465,0,3,0,0,0,0,29.158582415820074,82.9152612953887
2024-03-12,1400,1,3,0,0,0,0,38.42772239556014,112.74018537761779
2024-03-13,1355,2,3,0,0,0,0,31.55723498647914,95.79519995489275
2024-03-14,1587,3,3,0,0,0,0,28.058172977150313,101.19373300537745
2024-03-15,1546,4,3,0,0,0,0,19.363993063099066,97.94372058657808
2024-03-16,1517,5,3,0,0,1,0,30.51837854674207,119.40848438217247
2024-03-17,1349,6,3,0,0,1,0,31.53843952913216,112.96011688507495
2024-03-18,1505,0,3,0,0,0,0,28.563228658518838,119.20033469052176
2024-03-19,1504,1,3,0,0,0,0,20.728059308888994,89.79068707622297
2024-03-20,1463,2,3,0,0,0,0,29.133545365976968,102.83194869914057
2024-03-21,1471,3,3,0,0,0,0,20.375953670908547,105.15858563052493
2024-03-22,1609,4,3,0,0,0,0,27.650008572004726,105.03966582559602
2024-03-23,1496,5,3,0,0,1,0,29.01568347285151,95.96449546528096
2024-03-24,1512,6,3,0,0,1,0,21.5208451906291,116.99002954918521
2024-03-25,1488,0,3,0,0,0,0,29.681272764022886,107.42644445973794
2024-03-26,1382,1,3,0,0,0,0,26.42088617129533,90.10381114867472
2024-03-27,1538,2,3,0,0,0,0,26.509416197477357,98.33764870253975
2024-03-28,1515,3,3,0,0,0,0,18.549442018799752,97.7444015632941
2024-03-29,1600,4,3,0,0,0,0,32.89981291167215,106.41901185291105
2024-03-30,1554,5,3,0,0,1,0,34.18723769542967,84.52098796919921
2024-03-31,1451,6,3,0,1,1,0,37.55374513551982,90.65063870201175
2024-04-01,1456,0,4,1,0,0,0,31.790436847991664,83.91173646847281
2024-04-02,1375,1,4,0,0,0,0,38.09279768732189,110.28197754804893
2024-04-03,1482,2,4,0,0,0,0,31.357984276991726,99.85478651289657
2024-04-04,1510,3,4,0,0,0,0,34.72320287860968,89.42630321412436
2024-04-05,1551,4,4,0,0,0,0,27.435784222835032,103.38361354731848
2024-04-06,1495,5,4,0,0,1,0,37.87163842177362,117.32332836451084
2024-04-07,1339,6,4,0,0,1,0,19.71682340615233,99.77965999412224
2024-04-08,1523,0,4,0,0,0,0,26.56769967816245,96.37721203596851
2024-04-09,1471,1,4,0,0,0,0,24.404065709546096,96.88415046926318
2024-04-10,1484,2,4,0,0,0,0,33.87993864014413,92.64914771951472
2024-04-11,1467,3,4,0,0,0,0,37.529641485929,102.67478873767949
2024-04-12,1625,4,4,0,0,0,0,23.4530921042376,84.61292640532957
2024-04-13,1536,5,4,0,0,1,0,29.419189513636603,88.49994318895618
2024-04-14,1466,6,4,0,0,1,0,20.849215616511806,86.43186813774408
2024-04-15,1490,0,4,0,0,0,0,31.13082603323905,90.93432956146941
2024-04-16,1431,1,4,0,0,0,0,36.648149562895284,108.85398162742686
2024-04-17,1449,2,4,0,0,0,0,18.53173536135204,113.58281605750665
2024-04-18,1532,3,4,0,0,0,0,21.708262895489277,119.34825081912331
2024-04-19,1606,4,4,0,0,0,0,32.63471430366199,119.13802903721307
2024-04-20,1513,5,4,0,0,1,0,31.954237065124623,100.12137211991711
2024-04-21,1499,6,4,0,0,1,0,29.488666069248907,109.17419752835036
2024-04-22,1420,0,4,0,0,0,0,17.7382960990423,85.03015502274866
2024-04-23,1411,1,4,0,0,0,0,30.11258777396761,95.50592398585012
2024-04-24,1402,2,4,0,0,0,0,33.89425204621876,112.45417482357362
2024-04-25,1513,3,4,0,0,0,0,25.578382527918123,86.38498053979089
2024-04-26,1611,4,4,0,0,0,0,26.289178280120233,105.6853055664767
2024-04-27,1551,5,4,0,0,1,0,24.700072415041255,112.85278004990195
2024-04-28,1421,6,4,0,0,1,0,26.17042101481744,113.87945506789916
2024-04-29,1473,0,4,0,0,0,0,24.611309310899006,110.11984624944387
2024-04-30,1433,1,4,0,1,0,0,24.044687114798876,85.48663005668773
2024-05-01,1509,2,5,1,0,0,0,23.57202664192011,119.84887256864039
2024-05-02,1496,3,5,0,0,0,0,30.125664183226426,99.98912473338095
2024-05-03,1545,4,5,0,0,0,0,26.890587969151255,102.6349270071012
2024-05-04,1568,5,5,0,0,1,0,29.92083640661252,116.37014689550992
2024-05-05,1409,6,5,0,0,1,0,28.074291409677045,84.25428432300211
2024-05-06,1430,0,5,0,0,0,0,23.47163741216835,94.51273126801556
2024-05-07,1480,1,5,0,0,0,0,25.057291883960715,103.895826502551
2024-05-08,1378,2,5,0,0,0,0,31.341724543899772,105.30314832799075
2024-05-09,1496,3,5,0,0,0,0,32.68200186630915,87.58604180175625
2024-05-10,1486,4,5,0,0,0,0,34.58694058641308,115.3485751839115
2024-05-11,1581,5,5,0,0,1,0,23.460616601507468,94.96682597969576
2024-05-12,1337,6,5,0,0,1,0,33.761359208810646,104.26404081401776
2024-05-13,1371,0,5,0,0,0,0,30.40574950636883,107.51261407141543
2024-05-14,1368,1,5,0,0,0,0,30.245081660766395,106.8704188895492
2024-05-15,1419,2,5,0,0,0,0,28.401149118920205,89.381232109158
2024-05-16,1439,3,5,0,0,0,0,28.628097749310125,104.91536697435882
2024-05-17,1533,4,5,0,0,0,0,34.60068736524654,103.89723176304226
2024-05-18,1451,5,5,0,0,1,0,21.460862073900596,105.69691179489746
2024-05-19,1367,6,5,0,0,1,0,30.875145746030572,106.38579534635562
2024-05-20,1486,0,5,0,0,0,0,29.070527365931813,97.37955856089656
2024-05-21,1395,1,5,0,0,0,0,28.30057224339945,87.22600868624531
2024-05-22,1353,2,5,0,0,0,0,31.90647233033185,91.01896168968054
2024-05-23,1471,3,5,0,0,0,0,22.38747158159029,119.40064622650604
2024-05-24,1476,4,5,0,0,0,0,29.571550379127956,81.939492494601
2024-05-25,1476,5,5,0,0,1,0,33.37327563970895,105.41808315021902
2024-05-26,1382,6,5,0,0,1,0,22.185023298469766,104.54186426402745
2024-05-27,1471,0,5,0,0,0,0,23.502578313195645,118.77321289062564
2024-05-28,1438,1,5,0,0,0,0,32.09394442089948,111.65443622637815
2024-05-29,1363,2,5,0,0,0,0,33.58687126256251,118.66677311915134
2024-05-30,1493,3,5,0,0,0,0,32.18845105719145,109.22984914515453
2024-05-31,1552,4,5,0,1,0,0,28.772405386926845,102.70659275608014
2024-06-01,1442,5,6,1,0,1,0,24.556846366068896,81.0756954322724
2024-06-02,1339,6,6,0,0,1,0,25.59179198652797,114.40588348596077
2024-06-03,1409,0,6,0,0,0,0,26.020150578134025,87.16767351508594
2024-06-04,1320,1,6,0,0,0,0,33.913218778395034,112.69537258713096
2024-06-05,1314,2,6,0,0,0,0,30.13758652795449,81.10685833326994
2024-06-06,1312,3,6,0,0,0,0,29.73226226473028,96.76807544846237
2024-06-07,1510,4,6,0,0,0,0,32.53417098698111,92.88151830638147
2024-06-08,1413,5,6,0,0,1,0,27.845387255598105,115.12207792673817
2024-06-09,1398,6,6,0,0,1,0,20.39704143707342,107.88666876219939
2024-06-10,1354,0,6,0,0,0,0,31.659276697299774,108.63399527365208
2024-06-11,1301,1,6,0,0,0,0,25.85911411322438,91.1351326254666
2024-06-12,1367,2,6,0,0,0,0,30.664536681203387,97.66128090192524
2024-06-13,1359,3,6,0,0,0,0,21.210604754547017,90.91752263889569
2024-06-14,1510,4,6,0,0,0,0,28.289758618734574,101.58642747056955
2024-06-15,1464,5,6,0,0,1,0,30.919791599660115,90.38985318786631
2024-06-16,1276,6,6,0,0,1,0,30.911677524809843,86.66108343214448
2024-06-17,1396,0,6,0,0,0,0,26.124546158964467,111.42909416863269
2024-06-18,1345,1,6,0,0,0,0,26.202562205481346,110.3377377196153
2024-06-19,1342,2,6,0,0,0,0,20.04178494892512,108.64148814073883
2024-06-20,1914,3,6,0,0,0,1,28.351801211853903,83.03676509975735
2024-06-21,1421,4,6,0,0,0,0,26.600979167092934,83.3652220536492
2024-06-22,1343,5,6,0,0,1,0,25.784786604747495,103.37186726219969
2024-06-23,1302,6,6,0,0,1,0,27.123517118383614,117.77450713384977
2024-06-24,1308,0,6,0,0,0,0,25.202700961364354,113.6509026399242
2024-06-25,1220,1,6,0,0,0,0,23.65113086955041,100.59544207576158
2024-06-26,1274,2,6,0,0,0,0,19.12257783757033,88.67236766183203
2024-06-27,1313,3,6,0,0,0,0,26.683192571350997,101.17736802668327
2024-06-28,1477,4,6,0,0,0,0,21.419712563243976,83.18992018837399
2024-06-29,1427,5,6,0,0,1,0,27.305472299960986,104.81681144409424
2024-06-30,1257,6,6,0,1,1,0,33.8931351686467,85.91101405481486
2024-07-01,1329,0,7,1,0,0,0,29.337533547159847,108.66542242515314
2024-07-02,1366,1,7,0,0,0,0,41.937268744122164,90.98346819328566
2024-07-03,1294,2,7,0,0,0,0,33.36032169989057,106.48008731994949
2024-07-04,1367,3,7,0,0,0,0,27.30293129103261,88.30148968686413
2024-07-05,1427,4,7,0,0,0,0,31.368612941405317,101.25842399461995
2024-07-06,1296,5,7,0,0,1,0,25.535850531907986,88.6417431852055
2024-07-07,1281,6,7,0,0,1,0,18.402193813616435,92.93619316967367
2024-07-08,1303,0,7,0,0,0,0,17.639334978096425,94.3041127617378
2024-07-09,1271,1,7,0,0,0,0,32.11947667202609,89.41560466308451
2024-07-10,1336,2,7,0,0,0,0,27.244472160369213,116.99183931465197
2024-07-11,1704,3,7,0,0,0,1,27.782936323205643,81.01355907256078
2024-07-12,1411,4,7,0,0,0,0,28.076519183962986,92.45394005086393
2024-07-13,2018,5,7,0,0,1,1,20.271486877626977,108.3969437739535
2024-07-14,1208,6,7,0,0,1,0,25.08506846692113,86.04502269472613
2024-07-15,1274,0,7,0,0,0,0,32.94822651379463,109.36893693684145
2024-07-16,1203,1,7,0,0,0,0,25.989936941804064,83.90765329705074
2024-07-17,1260,2,7,0,0,0,0,24.969814799885942,108.78067849230027
2024-07-18,1292,3,7,0,0,0,0,25.303675853533303,89.70306829049447
2024-07-19,1291,4,7,0,0,0,0,21.49415041467281,84.85592407407152
2024-07-20,1364,5,7,0,0,1,0,28.969544652221444,109.63390573250756
2024-07-21,1157,6,7,0,0,1,0,32.60937845956247,102.00763647479798
2024-07-22,1223,0,7,0,0,0,0,31.208339932234043,96.88713941428784
2024-07-23,1171,1,7,0,0,0,0,23.873903053884995,97.04157068151301
2024-07-24,1301,2,7,0,0,0,0,17.530954394208422,105.42421250618325
2024-07-25,1202,3,7,0,0,0,0,32.05539151233154,112.54248584820445
2024-07-26,1371,4,7,0,0,0,0,27.8110052822171,113.00130123285068
2024-07-27,1255,5,7,0,0,1,0,33.188215891213474,91.10494612546887
2024-07-28,1229,6,7,0,0,1,0,25.80321601509333,117.12991293346118
2024-07-29,1176,0,7,0,0,0,0,24.81934574586689,101.86518494030963
2024-07-30,1233,1,7,0,0,0,0,18.84945430356327,92.58574674611272
2024-07-31,1195,2,7,0,1,0,0,32.57504096188501,109.84616318091531
2024-08-01,1205,3,8,1,0,0,0,28.992438590923246,95.22973213191561
2024-08-02,1242,4,8,0,0,0,0,36.47166791744989,112.07506806422387
2024-08-03,1332,5,8,0,0,1,0,22.973040778739133,115.99442450621223
2024-08-04,1214,6,8,0,0,1,0,27.05569668702274,119.78575866398256
2024-08-05,1251,0,8,0,0,0,0,39.08547430240901,117.45650406574639
2024-08-06,1168,1,8,0,0,0,0,22.45189287210862,104.2869653777357
2024-08-07,1165,2,8,0,0,0,0,30.556611021012415,106.87660833276672
2024-08-08,1224,3,8,0,0,0,0,33.88236440159312,81.43100537066846
2024-08-09,1300,4,8,0,0,0,0,27.015731530280327,103.01533148745011
2024-08-10,1299,5,8,0,0,1,0,29.94565023139434,96.71903663494072
2024-08-11,1155,6,8,0,0,1,0,38.541300057213604,89.48653856046673
2024-08-12,1185,0,8,0,0,0,0,26.761804373464066,101.158165553561
2024-08-13,1142,1,8,0,0,0,0,30.27665810232031,112.09124768735616
2024-08-14,1131,2,8,0,0,0,0,31.36194305014877,118.58289030001656
2024-08-15,1201,3,8,0,0,0,0,27.79516709029486,99.5127725178087
2024-08-16,1302,4,8,0,0,0,0,25.688592735448143,100.56327313491654
2024-08-17,1267,5,8,0,0,1,0,25.557750030068167,119.30047020078493
2024-08-18,1038,6,8,0,0,1,0,27.98588794053435,102.7012804986429
2024-08-19,1153,0,8,0,0,0,0,24.140870257489517,88.9296879422534
2024-08-20,1114,1,8,0,0,0,0,30.919629618489253,92.16665816804203
2024-08-21,1118,2,8,0,0,0,0,20.533400981538538,93.56294916223077
2024-08-22,1108,3,8,0,0,0,0,40.135242995698086,88.02148546709827
2024-08-23,1299,4,8,0,0,0,0,29.5813859814898,102.4414184609206
2024-08-24,1206,5,8,0,0,1,0,26.376170992675526,119.5906045642532
2024-08-25,1128,6,8,0,0,1,0,26.240205668788064,106.77878758829847
2024-08-26,1159,0,8,0,0,0,0,33.11174549899866,84.22826780261212
2024-08-27,1208,1,8,0,0,0,0,17.79339249308261,97.33920219286351
2024-08-28,1158,2,8,0,0,0,0,25.882537358150856,89.03893327076577
2024-08-29,1237,3,8,0,0,0,0,28.432393633615096,113.43374742233146
2024-08-30,1308,4,8,0,0,0,0,29.815835358509563,107.36245581806902
2024-08-31,1231,5,8,0,1,1,0,31.188404196129305,85.29334917402339
2024-09-01,1123,6,9,1,0,1,0,19.90576567805831,109.89757425899009
2024-09-02,1228,0,9,0,0,0,0,29.02586734193637,101.59331914057059
2024-09-03,1171,1,9,0,0,0,0,28.8458889737292,101.8200017964389
2024-09-04,1158,2,9,0,0,0,0,28.32057788009859,80.29837096331275
2024-09-05,1146,3,9,0,0,0,0,35.641186209789765,114.15827427977328
2024-09-06,1212,4,9,0,0,0,0,30.75824323505568,90.43615837637728
2024-09-07,1271,5,9,0,0,1,0,26.09888529762263,117.21737946824902
2024-09-08,1017,6,9,0,0,1,0,31.749359444944773,110.93861575242903
2024-09-09,1113,0,9,0,0,0,0,24.1687717752761,81.91341719638415
2024-09-10,1139,1,9,0,0,0,0,32.88911992995383,102.1948621687633
2024-09-11,1824,2,9,0,0,0,1,28.3060647264014,97.60314078721146
2024-09-12,1200,3,9,0,0,0,0,29.72542590138515,112.85664774625275
2024-09-13,1271,4,9,0,0,0,0,16.68934235522966,108.55496671494815
2024-09-14,1202,5,9,0,0,1,0,24.960256410844355,107.17455817681063
2024-09-15,1060,6,9,0,0,1,0,36.62151223912047,111.9956599193288
2024-09-16,1226,0,9,0,0,0,0,27.812556295097938,102.6855502344064
2024-09-17,1158,1,9,0,0,0,0,32.78855184967875,88.90386098454474
2024-09-18,1120,2,9,0,0,0,0,32.59775930976033,112.79410374623696
2024-09-19,1146,3,9,0,0,0,0,34.713379012845934,89.57935904299347
2024-09-20,1285,4,9,0,0,0,0,33.245180447439004,108.36178262060204
2024-09-21,1120,5,9,0,0,1,0,27.132865105735014,103.21096829484895
2024-09-22,1068,6,9,0,0,1,0,29.48263109093939,83.48748911533869
2024-09-23,1132,0,9,0,0,0,0,24.36633604305246,86.19324383655051
2024-09-24,1078,1,9,0,0,0,0,27.82553417807523,94.39821567833054
2024-09-25,1087,2,9,0,0,0,0,19.012317104212514,98.29973731225644
2024-09-26,1187,3,9,0,0,0,0,19.90671313713172,110.8634830987139
2024-09-27,1174,4,9,0,0,0,0,25.098554191715635,97.49495849007405
2024-09-28,1119,5,9,0,0,1,0,28.77378305232145,101.55951421009831
2024-09-29,978,6,9,0,0,1,0,28.525281735249546,97.41017605803735
2024-09-30,1089,0,9,0,1,0,0,26.714738848273623,116.63208417852108
2024-10-01,1129,1,10,1,0,0,0,20.05426101190284,101.25105176325718
2024-10-02,1145,2,10,0,0,0,0,23.464696843205605,104.53620172478952
2024-10-03,1108,3,10,0,0,0,0,31.506322545106162,103.79091892503993
2024-10-04,1291,4,10,0,0,0,0,36.17570204803499,93.88297563075916
2024-10-05,1114,5,10,0,0,1,0,27.49054024310799,96.2888505641582
2024-10-06,1054,6,10,0,0,1,0,20.160903862722392,84.5987565963
2024-10-07,1191,0,10,0,0,0,0,38.14971112905363,86.13953075915211
2024-10-08,1081,1,10,0,0,0,0,24.799314527843478,106.30591523950878
2024-10-09,1119,2,10,0,0,0,0,31.666777355186955,110.9484949972255
2024-10-10,1164,3,10,0,0,0,0,29.04989700262563,99.21832897341352
2024-10-11,1248,4,10,0,0,0,0,30.67643640182439,110.16906146466496
2024-10-12,1144,5,10,0,0,1,0,25.045105392243446,101.38426648855523
2024-10-13,1202,6,10,0,0,1,0,26.36979853867622,87.57408685197406
2024-10-14,1117,0,10,0,0,0,0,28.41528101440738,96.7815340107601
2024-10-15,1123,1,10,0,0,0,0,23.15554046766866,112.97744842536447
2024-10-16,1040,2,10,0,0,0,0,31.97907761867199,85.75354773521207
2024-10-17,1188,3,10,0,0,0,0,28.494592958470577,93.00198346862459
2024-10-18,1208,4,10,0,0,0,0,32.3671482147926,92.91373194615007
2024-10-19,1175,5,10,0,0,1,0,27.083876534521323,108.84232060157271
2024-10-20,1111,6,10,0,0,1,0,29.767090343176744,94.90786242495753
2024-10-21,1213,0,10,0,0,0,0,27.111369198017016,99.13488858721054
2024-10-22,1151,1,10,0,0,0,0,26.979369387221304,105.03805716380528
2024-10-23,1200,2,10,0,0,0,0,20.95064658649568,91.13184551202828
2024-10-24,1158,3,10,0,0,0,0,31.70560722248179,90.82000714003127
2024-10-25,1205,4,10,0,0,0,0,27.40151710510342,92.65727981781681
2024-10-26,1184,5,10,0,0,1,0,34.571351743245835,88.16007527735273
2024-10-27,1042,6,10,0,0,1,0,31.096393638780484,83.53312553329278
2024-10-28,1163,0,10,0,0,0,0,22.42850755995147,113.60658737316591
2024-10-29,1110,1,10,0,0,0,0,20.377055594141606,81.05195094564353
2024-10-30,1507,2,10,0,0,0,1,31.70768144407537,98.91427907472496
2024-10-31,1207,3,10,0,1,0,0,28.794597060102085,119.48792294495713
2024-11-01,1227,4,11,1,0,0,0,28.804929779007505,93.56179828410893
2024-11-02,1268,5,11,0,0,1,0,39.13283069121271,83.4395840915027
2024-11-03,1154,6,11,0,0,1,0,31.00902497689956,106.5122992341789
2024-11-04,1280,0,11,0,0,0,0,32.97945095558899,113.68068585324664
2024-11-05,1037,1,11,0,0,0,0,30.55114690659216,115.90340207828183
2024-11-06,1159,2,11,0,0,0,0,32.15785502859969,97.56019067335333
2024-11-07,1201,3,11,0,0,0,0,24.204807747609497,108.8399374175435
2024-11-08,1182,4,11,0,0,0,0,25.126347939824715,85.80047465979511
2024-11-09,1117,5,11,0,0,1,0,36.94476906205026,81.9024202499133
2024-11-10,1232,6,11,0,0,1,0,26.832281008468176,91.82040708167656
2024-11-11,1126,0,11,0,0,0,0,34.70693715978946,85.92089542439237
2024-11-12,1124,1,11,0,0,0,0,25.286432479682233,97.46263213393793
2024-11-13,1159,2,11,0,0,0,0,25.20240706214591,105.26930341590477
2024-11-14,1227,3,11,0,0,0,0,34.28540322118018,113.07712111150116
2024-11-15,1289,4,11,0,0,0,0,25.318674282510084,111.50012948593205
2024-11-16,1255,5,11,0,0,1,0,25.994281180157554,103.4287053530706
2024-11-17,1210,6,11,0,0,1,0,26.305738248114032,116.66207184371189
2024-11-18,1200,0,11,0,0,0,0,30.019202302794255,113.72242418592089
2024-11-19,1094,1,11,0,0,0,0,25.487675454367622,87.36170553902127
2024-11-20,1192,2,11,0,0,0,0,29.050983318872106,114.2329872157367
2024-11-21,1226,3,11,0,0,0,0,32.10778077572421,90.55967382259269
2024-11-22,1386,4,11,0,0,0,0,29.28323850980968,90.62262115611503
2024-11-23,1229,5,11,0,0,1,0,27.303734714799013,103.95222272687847
2024-11-24,1193,6,11,0,0,1,0,40.77535499955754,102.78082373188431
2024-11-25,1202,0,11,0,0,0,0,35.70751049043954,94.04807016735893
2024-11-26,1173,1,11,0,0,0,0,29.79713849019024,85.60812678168014
2024-11-27,1197,2,11,0,0,0,0,14.86896127064098,93.0639761293404
2024-11-28,1309,3,11,0,0,0,0,32.01224297052693,118.8111036308967
2024-11-29,1342,4,11,0,0,0,0,26.99283099615018,87.4988785905829
2024-11-30,1182,5,11,0,1,1,0,24.85270573442311,94.84286045347346
2024-12-01,1200,6,12,1,0,1,0,29.421445572922604,84.45219414093293
2024-12-02,1235,0,12,0,0,0,0,29.32577347640081,107.62371041428348
2024-12-03,1221,1,12,0,0,0,0,31.00523038088173,100.93717696993617
2024-12-04,1177,2,12,0,0,0,0,30.273408795701727,104.57628154742076
2024-12-05,1227,3,12,0,0,0,0,36.7291019083622,115.22984485438818
2024-12-06,1325,4,12,0,0,0,0,28.014525301801847,98.25661192618537
2024-12-07,1271,5,12,0,0,1,0,36.69205819313154,96.30266549907111
2024-12-08,1218,6,12,0,0,1,0,33.49694156678634,116.31880410230289
2024-12-09,1233,0,12,0,0,0,0,32.789933144248884,107.40671642270681
2024-12-10,1280,1,12,0,0,0,0,31.458951395483908,99.55152117641771
2024-12-11,1285,2,12,0,0,0,0,33.76462769558346,82.77580929586202
2024-12-12,1329,3,12,0,0,0,0,26.04139060755462,111.43846776368795
2024-12-13,1407,4,12,0,0,0,0,29.01880970875963,92.02408403348927
2024-12-14,1303,5,12,0,0,1,0,20.934260935423776,90.56884863894811
2024-12-15,1256,6,12,0,0,1,0,36.2922191982732,102.2288935278981
2024-12-16,1274,0,12,0,0,0,0,30.073554080046613,92.86285998290413
2024-12-17,1267,1,12,0,0,0,0,39.746652809304535,109.64788466026025
2024-12-18,1239,2,12,0,0,0,0,32.9736817495242,98.0045566571475
2024-12-19,1249,3,12,0,0,0,0,28.04280823562224,119.97375438608955
2024-12-20,1417,4,12,0,0,0,0,30.70484936133022,90.2279516231703
2024-12-21,1362,5,12,0,0,1,0,29.586470349495755,82.62041496154772
2024-12-22,1292,6,12,0,0,1,0,33.47385350514509,103.62345170067042
2024-12-23,1332,0,12,0,0,0,0,22.951311655092596,118.23946906218396
2024-12-24,1256,1,12,0,0,0,0,27.488727171210275,118.181621247371
2024-12-25,1326,2,12,0,0,0,0,27.83376594222831,117.24047745843254
2024-12-26,1344,3,12,0,0,0,0,27.216246841153538,90.8746672834708
2024-12-27,1419,4,12,0,0,0,0,28.997798147147787,101.30389440310616
2024-12-28,1432,5,12,0,0,1,0,35.60087432842758,81.69386280581824
2024-12-29,1271,6,12,0,0,1,0,18.717251993287547,100.18232156965763
2024-12-30,1357,0,12,0,0,0,0,21.547651433675085,113.2105216351236
