customer_id,age,income,gender,city,purchase_amount,num_purchases,is_member,target
1.0,56.0,70585.0,Female,Surabaya,,4.0,1.0,1.0
2.0,69.0,39833.0,Female,Jakarta,1121.9289587987835,2.0,1.0,0.0
,46.0,67302.0,Female,Surabaya,147.33950221409728,3.0,1.0,1.0
4.0,32.0,44374.0,Female,Jakarta,5294.598156410972,10.0,1.0,0.0
5.0,60.0,39587.0,,Jakarta,749.1518947050914,4.0,0.0,1.0
,25.0,51647.0,Male,Medan,497.3473590547785,2.0,0.0,0.0
7.0,78.0,55136.0,Female,Surabaya,1076.2064775074407,5.0,1.0,1.0
8.0,38.0,78672.0,Male,Surabaya,,5.0,1.0,
9.0,56.0,54793.0,Male,Bandung,1012.0823061019091,2.0,0.0,1.0
10.0,75.0,52899.0,Female,Medan,689.6253903481844,5.0,1.0,0.0
11.0,36.0,73942.0,Female,Bandung,522.0114019676628,5.0,0.0,0.0
12.0,40.0,59015.0,Male,Medan,3058.0337505581806,5.0,1.0,1.0
13.0,28.0,40335.0,Female,Surabaya,739.2742989229066,6.0,0.0,0.0
14.0,28.0,70339.0,Female,Jakarta,247.33056231346845,3.0,1.0,0.0
15.0,41.0,38905.0,Male,Jakarta,614.2684966419764,5.0,1.0,1.0
16.0,70.0,40261.0,Male,Jakarta,2518.100370868053,,0.0,0.0
17.0,53.0,37272.0,Male,Jakarta,193.70061905061678,3.0,1.0,0.0
18.0,57.0,35956.0,Female,Jakarta,240.74382988917375,5.0,1.0,1.0
19.0,41.0,54997.0,Male,Bandung,13.11519719807412,,0.0,0.0
20.0,20.0,46131.0,Female,Medan,,4.0,0.0,1.0
21.0,39.0,-2172.0,Male,Surabaya,1768.3845651671147,3.0,1.0,0.0
22.0,70.0,45976.0,Male,Bandung,1317.2258913709284,3.0,1.0,1.0
23.0,19.0,42231.0,Male,Medan,438.5686176262179,5.0,1.0,0.0
24.0,41.0,63392.0,Female,,1198.3591146993945,5.0,0.0,1.0
25.0,61.0,41551.0,Female,Medan,502.86725295776245,6.0,1.0,0.0
26.0,47.0,88088.0,Male,Medan,3055.414254749564,6.0,0.0,0.0
27.0,55.0,70951.0,Male,Jakarta,3412.8453999803937,6.0,1.0,1.0
28.0,19.0,44151.0,,Jakarta,498.88680230988047,6.0,1.0,0.0
29.0,77.0,,Female,Jakarta,1925.6697199476243,7.0,1.0,1.0
30.0,38.0,57878.0,Male,Surabaya,1483.1975926263863,2.0,1.0,1.0
31.0,,53501.0,Female,Jakarta,371.06359033545834,5.0,1.0,0.0
32.0,29.0,62039.0,Male,,,3.0,1.0,1.0
33.0,,50811.0,Male,Jakarta,612.9223055897256,1.0,1.0,0.0
34.0,39.0,53605.0,Male,Surabaya,1520.2776986648494,8.0,1.0,0.0
35.0,78.0,62350.0,Male,Medan,3223.0792651766783,0.0,1.0,0.0
36.0,61.0,80786.0,Male,Bandung,1442.1414561961815,,1.0,1.0
37.0,42.0,,Male,Medan,,3.0,1.0,0.0
38.0,66.0,43193.0,Female,Medan,,3.0,1.0,1.0
39.0,44.0,19561.0,Male,Jakarta,1804.2845668534317,2.0,1.0,0.0
40.0,76.0,,Female,Surabaya,1534.4271886134634,3.0,1.0,
41.0,59.0,46051.0,Male,Bandung,473.1855532830355,8.0,1.0,0.0
42.0,45.0,58022.0,Male,Jakarta,,6.0,1.0,1.0
43.0,77.0,78588.0,Female,Jakarta,1633.4904800941213,4.0,1.0,0.0
44.0,33.0,53414.0,Male,Jakarta,47.15107910304208,,1.0,0.0
,32.0,47079.0,Female,Medan,1650.6729211696,5.0,1.0,0.0
46.0,79.0,71295.0,Female,Surabaya,195.87879105686994,1.0,1.0,1.0
47.0,79.0,56911.0,Male,Surabaya,722.9542648911013,3.0,1.0,0.0
48.0,64.0,58791.0,Female,Bandung,1651.6955179714096,3.0,1.0,
49.0,79.0,27152.0,Female,Surabaya,292.78986592276823,3.0,1.0,0.0
50.0,68.0,68088.0,Male,Surabaya,282.10755804390965,9.0,1.0,1.0
51.0,61.0,55633.0,Female,Jakarta,515.4436009985927,2.0,0.0,0.0
52.0,72.0,,Male,Jakarta,2250.3987744588107,3.0,0.0,0.0
53.0,69.0,57276.0,Male,Medan,0.4428794938546291,5.0,0.0,0.0
54.0,74.0,19062.0,Male,Jakarta,2316.5125984148412,4.0,1.0,0.0
55.0,20.0,85129.0,Male,Jakarta,167.00784212699614,3.0,1.0,0.0
56.0,54.0,33472.0,Female,Jakarta,4613.845313074992,3.0,0.0,1.0
57.0,68.0,74176.0,Male,Jakarta,3097.6984019673046,0.0,,1.0
58.0,24.0,37805.0,Male,Medan,682.5538675359728,2.0,1.0,1.0
59.0,38.0,58403.0,Female,Jakarta,718.9168810171388,7.0,,0.0
60.0,26.0,36318.0,,Bandung,656.9104154853704,4.0,1.0,0.0
61.0,56.0,64956.0,,Bandung,1009.0741322397843,3.0,1.0,
62.0,35.0,46470.0,Female,Bandung,95.1040735041118,11.0,0.0,0.0
63.0,21.0,57016.0,Female,Bandung,33.16177194044042,2.0,1.0,1.0
64.0,,50225.0,Female,Jakarta,59.43469150629292,6.0,0.0,0.0
65.0,77.0,29515.0,Female,Bandung,587.6443036706859,11.0,1.0,1.0
66.0,31.0,57561.0,Female,Jakarta,322.3396881055838,3.0,1.0,0.0
67.0,67.0,42451.0,Female,Medan,972.9657511971625,5.0,0.0,1.0
68.0,,65679.0,Female,Bandung,4885.1869620038715,6.0,,0.0
69.0,26.0,46462.0,Male,Surabaya,,4.0,1.0,1.0
70.0,43.0,48848.0,,Bandung,852.9433591797541,3.0,1.0,0.0
71.0,70.0,75243.0,Female,Bandung,537.176265635917,10.0,1.0,1.0
72.0,19.0,85724.0,,Jakarta,1879.0945418718227,2.0,0.0,1.0
73.0,37.0,61790.0,Male,Bandung,2325.2029947740098,4.0,0.0,0.0
74.0,45.0,45692.0,Male,Surabaya,2098.4662672149834,7.0,1.0,0.0
75.0,64.0,44380.0,Female,Jakarta,3664.0790884708936,6.0,0.0,
76.0,77.0,37719.0,Female,Jakarta,,7.0,1.0,0.0
77.0,24.0,40621.0,Female,Medan,1831.4331367377874,5.0,0.0,
78.0,61.0,45895.0,Male,Medan,1393.4082974239088,7.0,1.0,0.0
79.0,78.0,79463.0,Male,Bandung,259.6706277868041,1.0,0.0,
80.0,25.0,47041.0,Female,Medan,3130.86708554062,6.0,0.0,1.0
81.0,64.0,31609.0,Male,Medan,160.3776099127251,5.0,1.0,
82.0,52.0,50624.0,Female,Medan,1138.0287936451534,15.0,1.0,0.0
83.0,31.0,52671.0,Male,,254.75060393961112,6.0,0.0,1.0
84.0,34.0,50534.0,Male,Jakarta,564.5440472350906,3.0,0.0,1.0
85.0,53.0,61995.0,Female,Jakarta,1269.9697998789081,2.0,0.0,0.0
86.0,67.0,51035.0,Female,Medan,828.5652479120118,5.0,1.0,0.0
87.0,57.0,61530.0,,Jakarta,,7.0,1.0,0.0
88.0,21.0,38294.0,Female,Medan,395.02741722031294,3.0,0.0,1.0
89.0,19.0,76710.0,Male,Jakarta,1830.4565711124976,3.0,1.0,1.0
90.0,79.0,53787.0,Male,Jakarta,155.2680458822164,4.0,1.0,0.0
91.0,23.0,56003.0,Male,Surabaya,562.2994195829443,2.0,1.0,1.0
92.0,71.0,38232.0,Female,Bandung,2340.884976702401,3.0,1.0,0.0
93.0,59.0,57077.0,Male,Medan,,5.0,1.0,0.0
94.0,21.0,59765.0,Female,Surabaya,512.3964610067927,,0.0,1.0
95.0,71.0,32453.0,Male,Jakarta,1440.1524727939593,5.0,0.0,1.0
96.0,46.0,25113.0,Female,Medan,1732.5146075518621,7.0,1.0,0.0
97.0,35.0,54404.0,Female,Jakarta,2197.2113934557947,2.0,1.0,0.0
98.0,43.0,42668.0,Male,Bandung,786.3722276734779,6.0,1.0,1.0
99.0,61.0,53898.0,Female,Surabaya,228.73526340577533,4.0,1.0,0.0
100.0,51.0,30634.0,Female,Bandung,294.7860144745407,2.0,1.0,1.0
101.0,27.0,26592.0,Male,Surabaya,350.5433152000209,6.0,1.0,0.0
102.0,79.0,53100.0,Female,Jakarta,900.9157372144622,3.0,0.0,0.0
103.0,53.0,,Female,Bandung,33.35993023623902,3.0,1.0,0.0
104.0,31.0,18339.0,Female,Bandung,1010.7180906245992,4.0,0.0,0.0
105.0,48.0,70146.0,Male,Jakarta,453.11384947299166,4.0,0.0,1.0
106.0,,30385.0,Male,Bandung,349.9005172565461,5.0,1.0,0.0
107.0,32.0,88599.0,Female,Medan,2116.07706776862,4.0,0.0,0.0
108.0,25.0,40639.0,Male,Surabaya,616.190575694396,6.0,0.0,0.0
109.0,31.0,56023.0,Female,Surabaya,99.87895084834898,4.0,0.0,0.0
110.0,40.0,74704.0,Female,Surabaya,1753.0009861149692,7.0,1.0,1.0
111.0,77.0,72191.0,Female,Medan,48.81348474968655,9.0,,1.0
112.0,74.0,79792.0,,Surabaya,1297.3653126548509,3.0,0.0,0.0
113.0,79.0,27153.0,Female,Jakarta,1486.8054178595194,4.0,1.0,1.0
,,32962.0,Male,Bandung,434.7949627203034,3.0,0.0,1.0
115.0,38.0,53389.0,Female,Medan,1741.757789398962,4.0,1.0,
,33.0,62596.0,Male,Surabaya,724.9669128429595,5.0,1.0,
117.0,62.0,49831.0,Male,Jakarta,622.3041744040177,2.0,1.0,0.0
118.0,35.0,25430.0,Female,Bandung,46.46631194892523,5.0,1.0,0.0
119.0,64.0,57448.0,Female,Bandung,342.5314276074969,10.0,1.0,1.0
120.0,70.0,47086.0,Male,Medan,2673.7932904108707,,,1.0
121.0,41.0,46906.0,Male,Medan,497.29090484968026,5.0,1.0,0.0
122.0,43.0,15830.0,Male,Medan,791.2022694074209,7.0,1.0,0.0
123.0,42.0,61962.0,Female,Jakarta,759.3333067533384,5.0,1.0,0.0
124.0,77.0,52178.0,Male,Jakarta,892.6501110250439,7.0,1.0,0.0
125.0,77.0,76927.0,Female,Medan,63.292317325041715,3.0,0.0,1.0
126.0,77.0,48882.0,Female,Surabaya,449.69329524458135,3.0,0.0,0.0
127.0,62.0,58495.0,Female,Bandung,1284.2009626591619,6.0,1.0,0.0
128.0,58.0,62477.0,Male,Bandung,223.84411048972385,4.0,1.0,1.0
129.0,46.0,23807.0,Female,Jakarta,227.6265569175134,4.0,1.0,0.0
130.0,32.0,89250.0,Female,Bandung,10.141861949992613,2.0,0.0,1.0
131.0,62.0,43538.0,Female,Surabaya,575.3320149454406,2.0,0.0,0.0
132.0,18.0,57418.0,Female,Bandung,2143.313666655195,3.0,1.0,0.0
133.0,42.0,59608.0,Female,Jakarta,53.29629229899838,4.0,1.0,0.0
134.0,24.0,37778.0,Male,Jakarta,212.10310877944056,6.0,0.0,1.0
135.0,26.0,77704.0,Female,Surabaya,371.1862082342653,4.0,1.0,0.0
136.0,41.0,53989.0,Female,Surabaya,1315.7417232076832,,1.0,0.0
137.0,18.0,46797.0,Male,Bandung,1023.4183434895255,4.0,1.0,1.0
138.0,61.0,52077.0,Female,Bandung,537.7582469685872,5.0,1.0,0.0
139.0,25.0,61463.0,,Jakarta,1423.2444414270287,8.0,1.0,0.0
140.0,41.0,50161.0,Female,Surabaya,,4.0,1.0,0.0
141.0,28.0,63228.0,Male,Surabaya,2263.7567612086027,2.0,1.0,0.0
142.0,68.0,24726.0,Male,Surabaya,1703.895575996496,2.0,0.0,1.0
143.0,34.0,38780.0,Female,Bandung,291.4406016674529,3.0,1.0,1.0
144.0,25.0,17917.0,Female,,316.68334342707135,6.0,0.0,1.0
145.0,52.0,79955.0,Female,Jakarta,133.93887654040154,4.0,0.0,1.0
146.0,52.0,79759.0,,Jakarta,410.927086165491,3.0,1.0,0.0
147.0,50.0,59399.0,Male,Bandung,7692.839516733918,4.0,1.0,1.0
148.0,76.0,34810.0,Male,Medan,520.4571392815225,3.0,1.0,0.0
149.0,22.0,85848.0,Female,Bandung,249.08775376192204,8.0,1.0,0.0
150.0,59.0,40933.0,Male,Medan,1437.5155927379324,4.0,1.0,0.0
151.0,56.0,46801.0,Male,Surabaya,781.9150158655195,8.0,1.0,0.0
152.0,75.0,52393.0,Female,Bandung,162.0501564795493,4.0,1.0,1.0
153.0,58.0,56772.0,Male,Jakarta,479.1488090759574,4.0,1.0,0.0
154.0,45.0,59657.0,Male,Surabaya,535.2373731818279,1.0,0.0,0.0
155.0,24.0,60259.0,Female,Jakarta,1401.7317084520957,3.0,1.0,0.0
156.0,26.0,47832.0,Male,Surabaya,20.888012383265444,,1.0,0.0
,,60021.0,Female,Bandung,313.3686961986169,6.0,1.0,0.0
158.0,29.0,47161.0,Female,Medan,728.9739663421742,6.0,1.0,1.0
159.0,51.0,58689.0,Female,Surabaya,,9.0,1.0,0.0
160.0,50.0,57459.0,Female,Medan,990.0289000803217,4.0,1.0,1.0
161.0,65.0,61442.0,Female,Surabaya,657.5242379257719,3.0,1.0,0.0
162.0,72.0,59569.0,Male,Jakarta,448.96295274230664,8.0,1.0,0.0
163.0,40.0,43363.0,Male,Jakarta,2980.0287591044716,3.0,0.0,1.0
164.0,79.0,56880.0,Female,Surabaya,1000.105856469871,2.0,0.0,1.0
165.0,41.0,59800.0,Female,Medan,139.19468140622155,2.0,1.0,0.0
166.0,54.0,30633.0,Male,Bandung,821.1889770692558,7.0,0.0,1.0
167.0,52.0,45889.0,Female,Bandung,1517.4598835421282,5.0,1.0,1.0
168.0,61.0,59121.0,Female,Jakarta,1232.6799307382596,6.0,1.0,1.0
169.0,57.0,75639.0,Female,Bandung,188.84989525327302,,0.0,1.0
170.0,39.0,62373.0,Male,Jakarta,3590.664371812897,9.0,0.0,1.0
171.0,44.0,76585.0,Male,Bandung,595.6823160234698,,1.0,0.0
172.0,52.0,44024.0,Female,Surabaya,173.19335041461267,5.0,1.0,1.0
173.0,18.0,53752.0,,Jakarta,198.68969176960042,,1.0,0.0
174.0,52.0,62086.0,Male,Jakarta,103.40131635287348,3.0,1.0,1.0
175.0,54.0,15104.0,Male,Surabaya,1627.1850068045053,8.0,1.0,0.0
176.0,64.0,72662.0,Female,Jakarta,130.14341752403496,,1.0,0.0
177.0,31.0,22086.0,Female,Bandung,133.67455389074706,5.0,1.0,0.0
178.0,20.0,64954.0,Male,Bandung,1900.2690363535255,2.0,1.0,0.0
179.0,,60302.0,Male,Jakarta,422.5157747288461,8.0,0.0,0.0
180.0,22.0,14906.0,Male,Bandung,31.344036261259866,9.0,1.0,0.0
181.0,43.0,15664.0,Female,Medan,53.29033927957457,3.0,,1.0
182.0,72.0,71487.0,Male,Jakarta,153.3498550609043,4.0,0.0,1.0
183.0,31.0,68220.0,Female,Surabaya,240.02696234041113,4.0,0.0,0.0
184.0,56.0,36787.0,Male,Medan,1094.0612431192317,4.0,1.0,1.0
185.0,44.0,,Male,Jakarta,171.1754421675341,,0.0,0.0
186.0,26.0,57689.0,Male,Surabaya,126.55508792743042,5.0,0.0,0.0
187.0,32.0,49808.0,Male,Bandung,1446.9753357983045,6.0,1.0,1.0
188.0,32.0,65815.0,Female,Surabaya,1111.8655783847757,7.0,1.0,1.0
189.0,43.0,57193.0,Female,Medan,571.5035558303723,11.0,1.0,0.0
190.0,59.0,73745.0,Male,Bandung,796.9750301953007,10.0,1.0,0.0
191.0,77.0,64551.0,Female,Jakarta,373.9432150487784,7.0,1.0,0.0
192.0,30.0,60811.0,Male,Bandung,658.7465658919486,4.0,1.0,0.0
193.0,68.0,44718.0,Male,Jakarta,706.5823272819869,5.0,0.0,0.0
194.0,,43620.0,Male,Jakarta,489.7774835185152,4.0,1.0,
195.0,56.0,49223.0,Male,Surabaya,2370.5664477240653,5.0,1.0,1.0
,66.0,77614.0,Female,Surabaya,16.192254821999143,6.0,1.0,1.0
197.0,69.0,43905.0,Male,Surabaya,1524.046135457006,6.0,1.0,0.0
198.0,78.0,,Male,Medan,132.82630553265778,0.0,1.0,1.0
199.0,49.0,16327.0,Female,Medan,1597.249298985594,4.0,,0.0
200.0,21.0,60137.0,Male,Surabaya,956.8833664408769,,1.0,0.0
201.0,47.0,83857.0,Male,Medan,1853.2823240545665,7.0,1.0,0.0
202.0,54.0,35995.0,Male,Bandung,,9.0,1.0,1.0
203.0,40.0,97616.0,Female,Bandung,818.6664908935107,3.0,1.0,1.0
204.0,56.0,52733.0,Male,Medan,695.3253114901836,3.0,,0.0
205.0,62.0,11406.0,Female,Medan,1224.8328125277421,4.0,1.0,0.0
206.0,32.0,44216.0,Male,Bandung,764.1933412324054,3.0,0.0,
207.0,60.0,69956.0,Male,Jakarta,778.126950950931,5.0,0.0,1.0
208.0,46.0,79989.0,Female,Bandung,561.4102983646742,7.0,1.0,0.0
209.0,53.0,60771.0,Male,Bandung,369.3758659838754,2.0,1.0,0.0
210.0,30.0,,Male,Medan,658.2905169032001,8.0,0.0,1.0
211.0,49.0,32333.0,Female,Bandung,126.12160873980963,5.0,0.0,0.0
212.0,24.0,39796.0,Female,Medan,3257.4435648150998,6.0,1.0,0.0
213.0,76.0,24808.0,Female,Medan,1253.200736995111,4.0,1.0,0.0
214.0,68.0,40924.0,Female,Surabaya,,5.0,1.0,1.0
,39.0,61428.0,Female,Bandung,257.1236177056639,9.0,1.0,0.0
216.0,45.0,53189.0,Male,Jakarta,2114.787060974004,3.0,1.0,1.0
217.0,19.0,63017.0,Female,Surabaya,1654.3828977468631,4.0,0.0,1.0
218.0,59.0,35952.0,Male,,1130.574932316931,5.0,1.0,0.0
219.0,62.0,36867.0,Male,Medan,980.9070856011523,4.0,1.0,0.0
220.0,79.0,53069.0,Male,Jakarta,380.6012886153164,3.0,0.0,0.0
221.0,,40960.0,Female,Medan,1695.0545441607055,9.0,1.0,0.0
222.0,70.0,69527.0,Female,Bandung,696.1827060687405,4.0,1.0,1.0
223.0,23.0,40588.0,Male,Surabaya,73.52983642008782,5.0,,1.0
224.0,45.0,42569.0,Female,Medan,375.22182297722367,4.0,1.0,0.0
225.0,45.0,56282.0,Female,Medan,2737.9492337408637,5.0,1.0,0.0
226.0,61.0,44160.0,Female,Jakarta,1901.6653702148435,5.0,1.0,0.0
227.0,61.0,31475.0,Female,Bandung,4012.1582011322143,9.0,1.0,0.0
228.0,37.0,33509.0,Male,Medan,988.8436361685465,5.0,1.0,0.0
229.0,47.0,58066.0,Male,Jakarta,284.3676686818083,8.0,1.0,0.0
230.0,,29619.0,Female,Medan,177.71026477452244,5.0,1.0,1.0
231.0,28.0,70957.0,Male,Jakarta,206.91893586758925,2.0,1.0,0.0
232.0,75.0,39644.0,Female,Jakarta,19.994217162545585,3.0,1.0,0.0
233.0,72.0,59243.0,Female,Bandung,495.415162214385,2.0,0.0,
,45.0,40543.0,Male,Medan,212.4851549851393,5.0,1.0,0.0
235.0,42.0,36271.0,Male,Bandung,530.4425510818733,3.0,1.0,0.0
236.0,56.0,53691.0,Male,Jakarta,2733.282348736459,3.0,0.0,0.0
,79.0,65776.0,Female,Surabaya,563.0671035167642,6.0,0.0,0.0
238.0,,46289.0,Male,Medan,,6.0,1.0,1.0
239.0,18.0,49017.0,Female,Surabaya,930.1482214456972,6.0,0.0,1.0
240.0,74.0,62111.0,Male,Medan,283.86477383100316,5.0,0.0,1.0
241.0,,62607.0,,Bandung,439.83104920504456,4.0,1.0,1.0
242.0,79.0,49422.0,Female,Bandung,87.6510751762704,2.0,0.0,0.0
243.0,74.0,43347.0,Female,,,6.0,1.0,1.0
244.0,69.0,51239.0,,Bandung,1131.7791136084245,5.0,1.0,1.0
245.0,30.0,47136.0,Female,Bandung,74.84326557045792,4.0,,0.0
246.0,58.0,,Female,Surabaya,229.9182081655419,4.0,1.0,0.0
247.0,20.0,32085.0,Female,Bandung,480.36276657279586,4.0,1.0,0.0
248.0,,54157.0,Female,Jakarta,4020.139371397894,7.0,1.0,0.0
249.0,23.0,39225.0,Female,Jakarta,1536.474773375152,4.0,1.0,
250.0,25.0,63588.0,Male,Surabaya,1322.3313048758737,5.0,1.0,1.0
251.0,44.0,39912.0,Female,Medan,123.51425384797122,4.0,1.0,1.0
252.0,26.0,40173.0,Female,Jakarta,,3.0,1.0,0.0
253.0,79.0,56680.0,Male,,1538.3683192352673,6.0,1.0,0.0
254.0,54.0,50213.0,Female,Surabaya,919.0512777379518,7.0,1.0,
255.0,50.0,84149.0,Male,,4642.019042050293,8.0,1.0,1.0
256.0,68.0,25560.0,Male,Medan,,3.0,1.0,0.0
257.0,59.0,51647.0,Female,Medan,2834.8462967094533,3.0,1.0,1.0
258.0,61.0,66944.0,Male,Medan,2461.9456619147395,6.0,1.0,1.0
259.0,41.0,41325.0,Female,Surabaya,11.547071311853719,3.0,0.0,1.0
260.0,32.0,,Male,Jakarta,598.0488895202975,3.0,1.0,0.0
261.0,76.0,36937.0,Male,Bandung,3776.803234922385,3.0,1.0,0.0
,71.0,25820.0,Male,Medan,108.83472419075325,4.0,1.0,1.0
263.0,49.0,70245.0,Female,Jakarta,793.5968727038099,4.0,0.0,0.0
264.0,,45055.0,Female,Jakarta,3861.211411492075,1.0,1.0,1.0
265.0,41.0,43279.0,Male,Surabaya,810.7949296061603,5.0,1.0,
266.0,58.0,18138.0,Male,Jakarta,210.49303628646499,10.0,1.0,0.0
267.0,69.0,28494.0,Female,Surabaya,872.7122920644133,,1.0,0.0
268.0,66.0,71980.0,Female,Medan,228.7097312282823,,1.0,0.0
269.0,79.0,54546.0,Male,Medan,733.3532458337443,2.0,1.0,1.0
270.0,66.0,67497.0,Male,Bandung,76.9266370732907,5.0,1.0,0.0
271.0,75.0,65599.0,Female,Bandung,930.0922086456961,9.0,1.0,1.0
272.0,69.0,34990.0,Female,Bandung,727.3038112375607,,1.0,1.0
273.0,29.0,86447.0,Female,Jakarta,1347.6944897315311,2.0,1.0,0.0
274.0,79.0,79245.0,Female,,996.1472329402608,3.0,1.0,1.0
275.0,56.0,41543.0,Female,Surabaya,797.6331199505704,3.0,,0.0
276.0,19.0,-3523.0,Male,Bandung,1170.4698463221048,4.0,1.0,1.0
,20.0,44652.0,Female,Surabaya,155.41704716627743,2.0,1.0,0.0
278.0,66.0,53574.0,Male,Surabaya,904.7566589181971,6.0,1.0,0.0
279.0,54.0,,Female,,188.87571180763032,2.0,1.0,0.0
280.0,66.0,46677.0,Male,Medan,2597.254290006422,6.0,1.0,1.0
281.0,73.0,37570.0,Female,Bandung,70.7810101604286,5.0,0.0,1.0
282.0,34.0,63824.0,Female,Surabaya,562.7765899701303,6.0,1.0,0.0
283.0,76.0,50954.0,Male,Bandung,1190.0616074603702,4.0,1.0,0.0
284.0,66.0,64272.0,Male,Surabaya,612.5302593199792,3.0,1.0,0.0
285.0,19.0,68333.0,Female,Surabaya,96.61581032522196,3.0,0.0,
286.0,19.0,17385.0,Female,Bandung,806.0449548462639,2.0,1.0,0.0
287.0,45.0,,Female,Jakarta,1026.1946331712095,7.0,1.0,1.0
288.0,71.0,,Female,Bandung,1216.694418641703,3.0,1.0,0.0
289.0,40.0,,Female,Jakarta,467.2232013607323,7.0,1.0,0.0
290.0,54.0,52235.0,Male,Surabaya,829.3334566222446,3.0,1.0,
291.0,49.0,62188.0,,Surabaya,599.0859165789834,4.0,0.0,1.0
292.0,50.0,21789.0,Female,Jakarta,1114.9125350489232,4.0,1.0,1.0
293.0,18.0,52148.0,Male,,876.00560302005,6.0,1.0,0.0
294.0,36.0,64674.0,Male,Jakarta,746.0337847688447,4.0,0.0,1.0
295.0,79.0,62929.0,Male,Jakarta,287.0480959083833,2.0,,
296.0,19.0,59350.0,Female,Surabaya,2.0205577007663997,5.0,1.0,1.0
297.0,70.0,,Male,Medan,191.25939087247156,5.0,0.0,0.0
298.0,61.0,50923.0,Female,Jakarta,124.50487327509686,4.0,1.0,0.0
299.0,43.0,24601.0,Male,Bandung,,6.0,1.0,0.0
300.0,49.0,36492.0,Female,Bandung,947.4154978088236,5.0,1.0,0.0
301.0,23.0,53464.0,Male,Surabaya,239.63505251682136,2.0,1.0,0.0
302.0,49.0,39260.0,Female,Medan,2797.8178525919393,4.0,1.0,1.0
303.0,72.0,,Female,Surabaya,6.704554604726155,4.0,1.0,1.0
304.0,21.0,,Male,Medan,1479.7307642682001,6.0,0.0,1.0
305.0,72.0,70510.0,Female,Jakarta,981.3754542336382,6.0,1.0,0.0
306.0,28.0,64373.0,Female,Jakarta,467.6939802159954,6.0,1.0,
307.0,73.0,53408.0,Female,Jakarta,51.808105208754654,5.0,1.0,1.0
,76.0,61219.0,,Jakarta,987.4821929110053,6.0,1.0,0.0
309.0,34.0,65076.0,Female,Bandung,,4.0,0.0,0.0
310.0,55.0,42388.0,Female,Bandung,2753.0549846318863,8.0,1.0,1.0
311.0,41.0,45060.0,Female,Surabaya,780.8644245563924,,1.0,0.0
312.0,22.0,48547.0,,Medan,2807.6193738981083,2.0,1.0,0.0
313.0,69.0,42867.0,Male,Jakarta,249.08167148990117,,1.0,1.0
314.0,51.0,65235.0,Male,Jakarta,1293.627345449539,5.0,1.0,0.0
315.0,23.0,40590.0,Female,Medan,960.37068624703,9.0,1.0,1.0
316.0,39.0,68774.0,Female,Medan,1344.8001951097535,7.0,1.0,0.0
317.0,28.0,44495.0,Male,Surabaya,241.64854746295808,3.0,1.0,1.0
318.0,65.0,57085.0,Male,Medan,1093.608377851567,9.0,1.0,0.0
319.0,33.0,52496.0,Male,Jakarta,689.235626784541,6.0,0.0,1.0
320.0,50.0,35360.0,Female,Jakarta,1357.998394390697,3.0,0.0,0.0
,26.0,49701.0,Male,Jakarta,396.07628757313176,8.0,1.0,1.0
322.0,77.0,55004.0,Female,Jakarta,2207.7934609328436,4.0,0.0,
323.0,76.0,49035.0,Female,Jakarta,88.06791450489706,7.0,,0.0
324.0,23.0,29859.0,,Surabaya,1646.0464978795976,10.0,0.0,1.0
325.0,33.0,75521.0,Female,Jakarta,1975.5834599795314,,0.0,0.0
326.0,46.0,51315.0,Female,Surabaya,1699.648828130296,6.0,1.0,0.0
327.0,,38085.0,Female,Jakarta,718.929494896303,3.0,1.0,0.0
328.0,37.0,74311.0,Female,Bandung,576.938681668705,4.0,,
329.0,77.0,59260.0,Male,Bandung,5589.281224806634,2.0,1.0,0.0
330.0,76.0,31997.0,Male,Bandung,260.2899539163497,6.0,1.0,0.0
331.0,53.0,34332.0,Female,Bandung,,6.0,0.0,0.0
332.0,36.0,,Female,Surabaya,1110.7117691983485,5.0,1.0,1.0
333.0,43.0,54459.0,Male,Surabaya,1206.869114122857,5.0,1.0,0.0
334.0,20.0,59341.0,Female,Medan,228.1870807266316,5.0,1.0,0.0
335.0,36.0,64252.0,Male,Jakarta,1061.2994299077504,5.0,1.0,1.0
336.0,37.0,58093.0,Female,Bandung,1705.7812414006269,5.0,1.0,1.0
337.0,49.0,70201.0,Female,Surabaya,51.312849127282384,2.0,0.0,0.0
338.0,24.0,51901.0,Male,Jakarta,2424.9933584636383,3.0,0.0,0.0
339.0,69.0,38605.0,Male,Jakarta,29.948054790050964,1.0,1.0,1.0
340.0,58.0,49949.0,Male,Surabaya,,3.0,1.0,0.0
341.0,50.0,48965.0,Male,Bandung,15.939558720784452,3.0,0.0,0.0
342.0,57.0,11326.0,Female,Medan,80.2833358733934,5.0,1.0,0.0
343.0,56.0,41579.0,Male,Jakarta,2421.0115438735065,6.0,0.0,1.0
344.0,35.0,54713.0,Female,Medan,438.2892191755195,5.0,1.0,0.0
345.0,57.0,43636.0,Male,,552.9879787115686,4.0,1.0,1.0
346.0,18.0,40306.0,Male,Bandung,242.51035985593535,5.0,1.0,1.0
347.0,28.0,63670.0,Female,Medan,909.0563884202854,6.0,1.0,0.0
348.0,45.0,36251.0,Male,Bandung,903.3824401972969,3.0,1.0,1.0
349.0,74.0,60674.0,Male,Jakarta,465.5342586987527,1.0,1.0,0.0
350.0,42.0,30008.0,Male,Medan,405.01751600055604,3.0,0.0,0.0
351.0,67.0,91411.0,Male,Bandung,2162.512835124658,5.0,1.0,0.0
352.0,40.0,46764.0,Female,Medan,,5.0,0.0,0.0
353.0,48.0,45151.0,Female,,680.232914139164,4.0,1.0,0.0
354.0,47.0,67145.0,Male,Bandung,333.1045809393637,3.0,1.0,0.0
355.0,59.0,43719.0,Male,Jakarta,1545.3815545050636,5.0,1.0,0.0
356.0,52.0,71823.0,Male,,506.581570678615,4.0,1.0,0.0
357.0,24.0,55573.0,Female,Surabaya,720.7466594111102,5.0,0.0,0.0
358.0,77.0,48224.0,Female,Bandung,292.1683474977955,9.0,,1.0
359.0,33.0,46624.0,Female,Medan,4394.876225495596,3.0,1.0,0.0
360.0,43.0,68113.0,Female,Bandung,344.5992084703495,6.0,1.0,1.0
361.0,65.0,53457.0,Male,Jakarta,,3.0,0.0,0.0
362.0,74.0,56484.0,Male,Jakarta,557.7349459524892,8.0,1.0,0.0
363.0,69.0,58115.0,Male,Bandung,230.94566515743142,5.0,1.0,0.0
364.0,77.0,51994.0,Female,Medan,1608.0327200038926,5.0,1.0,0.0
365.0,66.0,57798.0,Male,Surabaya,405.8753758000105,3.0,1.0,0.0
366.0,19.0,48225.0,Female,Medan,2003.9137300733971,,1.0,0.0
367.0,18.0,49252.0,Female,Surabaya,2468.1343141068396,2.0,0.0,1.0
368.0,65.0,33213.0,Male,Jakarta,1964.8553287584814,,0.0,1.0
369.0,79.0,54466.0,Male,Medan,35.63537954912413,8.0,1.0,0.0
370.0,29.0,24206.0,Male,Surabaya,1548.2174446637432,4.0,0.0,1.0
371.0,22.0,54253.0,Female,Bandung,529.9056052820844,6.0,,0.0
372.0,54.0,45790.0,Female,Jakarta,2069.2767402209947,8.0,1.0,0.0
373.0,49.0,,Male,Bandung,1015.9847289626169,,1.0,1.0
374.0,76.0,34267.0,Male,Jakarta,1793.6200038133752,3.0,0.0,0.0
375.0,72.0,18209.0,Female,Medan,692.0113655757391,7.0,1.0,0.0
376.0,26.0,44737.0,Male,Medan,765.7727234988757,4.0,0.0,0.0
377.0,58.0,34311.0,Female,Jakarta,155.93784668161948,8.0,1.0,0.0
378.0,52.0,23291.0,Female,Jakarta,1532.4183484241514,4.0,1.0,0.0
379.0,36.0,61519.0,Male,Jakarta,543.6753351420497,4.0,1.0,0.0
380.0,65.0,74018.0,Male,Medan,693.307429942357,4.0,1.0,0.0
381.0,33.0,38045.0,Male,Surabaya,1537.5718383297876,6.0,0.0,0.0
382.0,20.0,48863.0,Male,Bandung,913.4083900139617,7.0,1.0,1.0
383.0,37.0,45383.0,,Bandung,224.51790460852428,2.0,0.0,0.0
384.0,41.0,40116.0,Female,Medan,892.1657416945484,5.0,0.0,1.0
385.0,71.0,59956.0,Female,Bandung,523.6286639938573,5.0,1.0,1.0
386.0,73.0,65152.0,Male,Jakarta,633.9834692009931,5.0,1.0,1.0
387.0,50.0,36970.0,Female,Surabaya,28.719766964854678,4.0,1.0,1.0
388.0,,50671.0,Male,Bandung,235.75948549762842,6.0,1.0,0.0
389.0,69.0,69267.0,,,329.9468870323588,4.0,1.0,0.0
390.0,28.0,60335.0,Male,Jakarta,1248.1337274904886,5.0,1.0,0.0
391.0,66.0,62565.0,Male,Bandung,11.559022134510796,4.0,1.0,1.0
392.0,25.0,70519.0,,Medan,525.5624480261065,3.0,0.0,0.0
393.0,53.0,70322.0,Male,Surabaya,2577.375559445581,3.0,1.0,0.0
394.0,55.0,65429.0,Female,Jakarta,118.64910420326581,4.0,0.0,0.0
395.0,57.0,52174.0,Male,Surabaya,726.547592072739,3.0,1.0,1.0
396.0,37.0,44262.0,Female,Bandung,1544.2232873634075,7.0,1.0,0.0
397.0,79.0,51552.0,Female,Bandung,2856.5149580718635,7.0,1.0,0.0
398.0,52.0,41983.0,Male,Medan,1373.483332042609,6.0,1.0,0.0
399.0,65.0,20712.0,Male,Jakarta,1274.9875349804638,5.0,0.0,1.0
400.0,79.0,45807.0,Male,Jakarta,1751.5090375463149,4.0,1.0,0.0
401.0,42.0,55362.0,Female,Medan,590.9538729742204,4.0,1.0,0.0
402.0,52.0,,Male,Medan,1639.0960625923258,7.0,1.0,1.0
403.0,42.0,,Female,Jakarta,7.996290027965754,6.0,1.0,0.0
404.0,46.0,47689.0,Male,,2584.431630373095,3.0,1.0,1.0
,35.0,70352.0,Male,,585.7404769042856,4.0,1.0,0.0
406.0,63.0,44608.0,Female,Medan,806.047578414389,4.0,1.0,0.0
407.0,35.0,70349.0,Female,Surabaya,294.2130179441674,4.0,0.0,1.0
408.0,19.0,9312.0,Male,Jakarta,1356.8553052337575,7.0,0.0,1.0
409.0,71.0,70217.0,Female,Bandung,79.73154643740165,6.0,1.0,0.0
410.0,,69461.0,Female,Bandung,2060.7046000393484,7.0,0.0,0.0
411.0,33.0,63533.0,Female,Surabaya,1760.9402713645738,3.0,1.0,1.0
412.0,78.0,19821.0,Female,Medan,243.4229404553357,5.0,,0.0
,58.0,65283.0,,Medan,1657.1817152282122,5.0,1.0,1.0
414.0,53.0,49248.0,Male,Medan,1543.452312545901,4.0,1.0,
415.0,50.0,12059.0,Male,Medan,1000.2610949480357,5.0,0.0,0.0
416.0,21.0,69472.0,Female,,467.63871091034054,2.0,1.0,
417.0,50.0,71662.0,Male,Surabaya,316.76594323422563,6.0,1.0,0.0
418.0,31.0,21432.0,Male,Bandung,263.6838020505637,2.0,1.0,1.0
419.0,38.0,52631.0,Female,Bandung,383.618927295854,3.0,0.0,0.0
420.0,65.0,70828.0,Male,Surabaya,2338.818085531173,3.0,1.0,
421.0,37.0,68452.0,Female,Medan,80.8205174102971,5.0,0.0,1.0
422.0,73.0,62540.0,Female,Surabaya,1765.3392352185097,0.0,1.0,1.0
423.0,25.0,10291.0,Male,Bandung,429.0767954855466,9.0,0.0,1.0
424.0,,60943.0,Female,Jakarta,737.3068138284481,4.0,1.0,0.0
425.0,20.0,46728.0,Female,Surabaya,1582.2393382362989,2.0,1.0,0.0
426.0,34.0,64937.0,Female,Medan,2157.416462897186,5.0,0.0,1.0
427.0,50.0,53842.0,Female,Bandung,422.7863892028676,3.0,0.0,1.0
428.0,65.0,49701.0,Female,Bandung,619.6058341334693,2.0,1.0,1.0
429.0,29.0,59613.0,Male,Bandung,535.3165340949845,5.0,0.0,1.0
430.0,76.0,47421.0,Male,Bandung,13.33961182144738,5.0,1.0,0.0
431.0,68.0,,Female,Medan,350.89580233413324,3.0,1.0,0.0
432.0,39.0,41671.0,Female,,614.6858464126432,4.0,1.0,
433.0,72.0,25918.0,Male,Bandung,529.488036450732,2.0,1.0,1.0
434.0,,58517.0,Female,Surabaya,1279.879620409069,9.0,0.0,0.0
435.0,63.0,37909.0,Male,Jakarta,485.81374055620586,13.0,1.0,1.0
436.0,47.0,46988.0,Female,Bandung,672.1226510133554,4.0,0.0,0.0
437.0,55.0,54304.0,Female,Jakarta,561.4324733411623,3.0,1.0,0.0
438.0,55.0,18721.0,Female,Surabaya,1349.4848174792562,9.0,1.0,0.0
439.0,62.0,22079.0,,Bandung,1987.572906197364,2.0,1.0,
440.0,68.0,45503.0,Female,Surabaya,759.0500004793766,4.0,0.0,1.0
441.0,71.0,56818.0,Female,Medan,1557.9475598909416,7.0,1.0,0.0
442.0,25.0,61160.0,Female,Bandung,,3.0,1.0,0.0
443.0,44.0,26130.0,Male,Bandung,779.5106441975378,4.0,1.0,0.0
444.0,44.0,59549.0,Male,Bandung,423.471179293198,,1.0,1.0
445.0,51.0,46323.0,Male,Bandung,534.778424603119,3.0,1.0,1.0
446.0,,36752.0,Female,Medan,,8.0,0.0,0.0
447.0,47.0,40271.0,Female,Bandung,2134.2144182313764,6.0,1.0,1.0
,50.0,62027.0,Female,Jakarta,129.53412502585064,6.0,1.0,
449.0,45.0,54110.0,Female,Bandung,1006.8700750937256,8.0,1.0,0.0
450.0,64.0,50754.0,Female,Medan,872.617942919239,3.0,1.0,1.0
451.0,50.0,53652.0,Female,Bandung,126.03389968535822,6.0,0.0,0.0
452.0,22.0,63921.0,Female,Jakarta,238.12309968839065,5.0,,1.0
453.0,77.0,48543.0,Male,Medan,372.51762877718204,8.0,1.0,0.0
454.0,78.0,50814.0,Female,Medan,182.6388921204855,10.0,0.0,1.0
455.0,65.0,67072.0,Male,Jakarta,279.35613945878754,2.0,1.0,0.0
456.0,36.0,45026.0,Male,,311.42955692747114,4.0,1.0,0.0
457.0,21.0,59272.0,Female,Jakarta,408.9820348098246,6.0,1.0,1.0
458.0,52.0,42444.0,Female,Jakarta,1383.8591398841593,4.0,1.0,0.0
459.0,66.0,43761.0,Male,Jakarta,848.4269732466809,6.0,1.0,0.0
460.0,34.0,48439.0,Male,Medan,4286.474444258412,4.0,0.0,0.0
,,57729.0,Female,Medan,535.6919558474823,7.0,1.0,0.0
462.0,45.0,67912.0,Female,Bandung,1401.8754130724342,5.0,1.0,0.0
463.0,47.0,51448.0,Male,,,1.0,1.0,0.0
464.0,46.0,27502.0,Female,Surabaya,1136.2471582150238,4.0,1.0,1.0
465.0,63.0,59471.0,Female,Bandung,530.7983242335356,12.0,1.0,0.0
466.0,70.0,86807.0,Female,Bandung,1400.7772567556144,10.0,0.0,1.0
467.0,23.0,51630.0,Male,Jakarta,227.73801191860744,4.0,0.0,0.0
468.0,52.0,24368.0,,Jakarta,396.8307395558656,3.0,,0.0
469.0,77.0,52544.0,,Bandung,791.1685936563217,6.0,1.0,0.0
470.0,,49954.0,,Surabaya,856.6298384975302,6.0,1.0,0.0
471.0,54.0,48693.0,Female,Jakarta,22.390277358763626,5.0,1.0,0.0
472.0,41.0,,Male,Bandung,2902.5004111560406,2.0,1.0,0.0
473.0,46.0,70674.0,Male,Bandung,1192.793101464887,9.0,1.0,0.0
474.0,66.0,60253.0,Male,Medan,684.5913864369063,6.0,1.0,0.0
475.0,,48004.0,Female,Surabaya,2704.9634860371725,4.0,1.0,0.0
476.0,70.0,66885.0,Male,Medan,578.2047360110087,6.0,1.0,0.0
477.0,48.0,27592.0,Male,Surabaya,3934.0421712207526,8.0,1.0,1.0
478.0,52.0,39259.0,Female,Jakarta,718.0235623839926,2.0,0.0,0.0
479.0,77.0,40930.0,Female,Surabaya,121.36091990521396,2.0,1.0,0.0
480.0,50.0,,Female,Bandung,1447.3231975719834,6.0,,0.0
481.0,69.0,57601.0,Male,Bandung,1135.9955931339412,6.0,0.0,0.0
482.0,78.0,46989.0,Female,Surabaya,,4.0,0.0,0.0
483.0,,36409.0,Female,Surabaya,3024.996910815326,9.0,0.0,1.0
484.0,49.0,64622.0,,Surabaya,1498.2960032149244,3.0,1.0,1.0
485.0,40.0,46468.0,Female,Medan,945.04161128113,5.0,0.0,1.0
486.0,50.0,51531.0,Male,Surabaya,1947.0731415949315,8.0,0.0,1.0
487.0,20.0,58266.0,Male,Jakarta,1118.5490293819582,5.0,1.0,0.0
488.0,35.0,50583.0,Female,Medan,524.4497738266077,5.0,1.0,0.0
489.0,42.0,50649.0,Female,Medan,2168.2269793130836,7.0,0.0,1.0
490.0,59.0,65457.0,Female,Surabaya,250.9008205511422,4.0,1.0,0.0
491.0,48.0,52270.0,Female,Jakarta,1254.0082056619895,,1.0,0.0
492.0,71.0,62941.0,Female,Medan,2133.377946562229,5.0,1.0,1.0
493.0,75.0,58170.0,Female,Bandung,1314.2212453522568,6.0,1.0,1.0
494.0,,80253.0,Male,Medan,1194.9318606150475,5.0,0.0,0.0
495.0,57.0,56141.0,Male,Surabaya,1396.9036170667412,5.0,1.0,0.0
496.0,63.0,59569.0,,Jakarta,625.5918052702939,4.0,1.0,1.0
497.0,41.0,66524.0,Male,Surabaya,2072.8289106520033,4.0,0.0,1.0
498.0,67.0,50954.0,,Bandung,227.4483978042492,5.0,1.0,1.0
499.0,49.0,40432.0,,Bandung,136.26245114395843,3.0,1.0,1.0
500.0,64.0,42887.0,Male,Bandung,336.1845701670913,5.0,1.0,0.0
501.0,39.0,43032.0,Male,Surabaya,758.3843921781927,7.0,1.0,0.0
,40.0,35745.0,Female,Medan,714.4970668792968,3.0,1.0,0.0
503.0,19.0,54767.0,Male,Surabaya,1718.130404501745,0.0,1.0,0.0
504.0,44.0,40557.0,Female,Jakarta,518.4691888636752,5.0,1.0,1.0
505.0,59.0,52922.0,Male,Medan,662.316229186086,4.0,1.0,1.0
506.0,19.0,47619.0,Male,Bandung,,1.0,1.0,0.0
507.0,43.0,49375.0,Male,Surabaya,527.1908675926736,5.0,1.0,0.0
508.0,34.0,58340.0,Male,Bandung,1043.4829253188343,5.0,1.0,0.0
509.0,57.0,41871.0,Male,Bandung,15.629842723005945,3.0,1.0,1.0
510.0,50.0,59583.0,Female,Jakarta,329.72976948611233,1.0,1.0,0.0
511.0,26.0,73509.0,Female,Medan,233.1387867784296,5.0,,0.0
512.0,60.0,55146.0,Male,Jakarta,42.89229122046186,11.0,1.0,0.0
513.0,71.0,38268.0,,Jakarta,,5.0,0.0,0.0
514.0,65.0,40774.0,Male,Jakarta,200.5547272433607,5.0,,1.0
515.0,56.0,46276.0,Male,Bandung,1358.9965192594975,7.0,0.0,0.0
,46.0,41076.0,Female,Jakarta,1883.400421725826,4.0,0.0,
517.0,59.0,35132.0,Male,Jakarta,788.7448035442281,1.0,0.0,0.0
518.0,72.0,52316.0,,Medan,4001.255530312795,5.0,1.0,0.0
519.0,43.0,,Male,Medan,598.7075094849621,7.0,1.0,
520.0,52.0,52845.0,Female,Jakarta,720.2475203616292,3.0,1.0,0.0
521.0,67.0,67795.0,Male,Medan,4529.854382490353,3.0,1.0,0.0
522.0,42.0,46454.0,Male,Medan,263.3777446196098,9.0,,1.0
523.0,41.0,32218.0,Female,Jakarta,2856.769601412903,1.0,1.0,0.0
524.0,30.0,44016.0,Male,Bandung,43.78215806686765,6.0,1.0,1.0
525.0,77.0,61556.0,Male,Jakarta,591.2891940761075,6.0,1.0,0.0
526.0,75.0,60151.0,Male,Medan,72.57446932913388,5.0,1.0,0.0
527.0,24.0,57779.0,Female,Bandung,1306.5030434925582,4.0,1.0,1.0
528.0,74.0,40629.0,Male,Surabaya,937.5371874830156,7.0,1.0,1.0
529.0,53.0,61278.0,Male,Bandung,1226.3352008274774,7.0,1.0,0.0
530.0,62.0,64653.0,Female,Medan,469.1726145829153,6.0,1.0,
531.0,37.0,39568.0,Female,Bandung,461.213470587791,5.0,0.0,
532.0,18.0,49376.0,Female,Jakarta,46.37831791923509,3.0,1.0,0.0
533.0,25.0,80306.0,Male,Surabaya,430.6982112640708,5.0,1.0,0.0
534.0,63.0,38901.0,Male,Surabaya,2649.1456779779255,3.0,0.0,1.0
535.0,33.0,24423.0,Male,Surabaya,476.7890577736535,1.0,1.0,0.0
,31.0,70743.0,Female,Medan,1780.0347109610193,2.0,0.0,0.0
537.0,29.0,67049.0,Male,Medan,1847.2225276421382,,1.0,0.0
538.0,68.0,43145.0,Male,Surabaya,467.19343175885393,4.0,1.0,0.0
539.0,40.0,48305.0,Female,Bandung,999.6415814933143,9.0,1.0,1.0
540.0,,31625.0,Female,Surabaya,100.23102985215532,,1.0,0.0
541.0,45.0,,Female,Bandung,109.45620347523644,6.0,0.0,0.0
542.0,51.0,67488.0,Female,Bandung,49.88130609312161,8.0,,1.0
543.0,19.0,41860.0,Female,Medan,869.9203820837837,5.0,0.0,0.0
544.0,49.0,63156.0,Male,Bandung,555.2495447092722,3.0,1.0,
545.0,40.0,56955.0,Female,Surabaya,794.1446872526273,4.0,1.0,0.0
546.0,39.0,58667.0,Male,Medan,736.2074918022438,3.0,1.0,1.0
547.0,68.0,42735.0,Male,Jakarta,431.0952588521147,6.0,1.0,1.0
548.0,42.0,44680.0,Female,,1131.5697114879615,6.0,1.0,0.0
549.0,75.0,22298.0,Female,Medan,1420.8935943935076,9.0,1.0,0.0
550.0,79.0,41499.0,Female,Surabaya,14.736306853684365,5.0,1.0,1.0
551.0,78.0,67452.0,Male,,232.2376522950275,5.0,0.0,0.0
552.0,39.0,36060.0,Female,Jakarta,1249.0952411297885,3.0,1.0,0.0
553.0,75.0,38295.0,Female,Bandung,488.7709144319924,8.0,0.0,1.0
554.0,75.0,59602.0,Female,Bandung,1086.1422051832558,6.0,0.0,0.0
555.0,39.0,56041.0,Female,Surabaya,426.12096869824086,5.0,0.0,0.0
556.0,66.0,60347.0,Female,Medan,495.53504335236255,1.0,1.0,1.0
557.0,69.0,32551.0,Male,Surabaya,172.78185323428062,3.0,1.0,0.0
558.0,59.0,88460.0,Male,Medan,298.71743155235293,2.0,1.0,0.0
559.0,23.0,31763.0,Male,Jakarta,929.9124818527051,7.0,1.0,0.0
560.0,32.0,52313.0,Female,Bandung,567.6836909177566,2.0,0.0,0.0
561.0,,47620.0,Female,Surabaya,1488.5604824450522,2.0,1.0,0.0
562.0,60.0,32200.0,Female,Surabaya,1914.5032348178936,8.0,1.0,0.0
563.0,77.0,44446.0,Male,Medan,780.1143800892531,3.0,0.0,1.0
564.0,54.0,50349.0,Female,Medan,1419.922675877389,6.0,1.0,1.0
565.0,50.0,40250.0,Female,Surabaya,366.5875016860499,6.0,1.0,0.0
566.0,25.0,64058.0,Female,Medan,536.0942285164687,2.0,1.0,1.0
567.0,70.0,47575.0,Male,Surabaya,1247.4987157787825,5.0,1.0,1.0
568.0,77.0,29880.0,Female,Surabaya,488.105675627055,2.0,1.0,1.0
569.0,61.0,28608.0,Male,Surabaya,887.9582520328935,2.0,1.0,0.0
570.0,61.0,59092.0,Female,Jakarta,205.0246680267403,5.0,0.0,1.0
571.0,22.0,27698.0,Male,Medan,,4.0,1.0,0.0
572.0,56.0,54746.0,Male,Bandung,1976.983927399759,3.0,0.0,0.0
573.0,21.0,56669.0,Male,Bandung,2029.8108913772835,5.0,1.0,0.0
574.0,23.0,35069.0,Female,Medan,,8.0,1.0,1.0
575.0,62.0,63361.0,Female,Surabaya,1369.4505345100295,7.0,1.0,0.0
576.0,49.0,24233.0,Male,Bandung,816.2812591330214,5.0,1.0,0.0
577.0,69.0,54446.0,Male,Bandung,878.6772956742709,6.0,1.0,1.0
578.0,47.0,49387.0,Female,Medan,143.4669661290074,3.0,1.0,1.0
579.0,64.0,48215.0,,Bandung,,5.0,,1.0
580.0,52.0,32331.0,Male,Surabaya,599.2494230024066,8.0,1.0,0.0
581.0,72.0,35944.0,Female,Medan,3182.0097005208086,5.0,1.0,0.0
582.0,57.0,74282.0,Female,Surabaya,564.0275148981933,6.0,0.0,1.0
583.0,69.0,68227.0,Female,Bandung,797.0479730272687,5.0,1.0,0.0
584.0,33.0,61131.0,Female,Bandung,761.9644944846756,5.0,1.0,1.0
585.0,30.0,64097.0,Male,Surabaya,1012.6962331960381,7.0,0.0,0.0
586.0,67.0,62690.0,Female,,1379.250552417418,5.0,1.0,1.0
587.0,77.0,45149.0,Female,Bandung,254.946284857534,4.0,1.0,0.0
588.0,59.0,50714.0,Male,,752.3122586129471,7.0,1.0,0.0
589.0,47.0,27912.0,Male,Bandung,1748.2271451119395,,,1.0
590.0,36.0,48654.0,Female,Jakarta,621.9708271023799,9.0,1.0,0.0
591.0,34.0,67751.0,Female,Jakarta,326.36406171419395,4.0,1.0,0.0
592.0,73.0,40089.0,Female,Jakarta,1063.3679574577886,1.0,1.0,1.0
593.0,,65347.0,Female,Surabaya,1735.950541730374,8.0,0.0,0.0
594.0,45.0,51373.0,Male,Jakarta,65.22173359661151,5.0,0.0,0.0
595.0,75.0,29219.0,Male,Jakarta,,6.0,1.0,
596.0,72.0,,Male,,1723.9957774589823,5.0,1.0,0.0
,43.0,,Female,Bandung,619.0103600583251,6.0,0.0,0.0
598.0,54.0,58287.0,Female,Jakarta,4092.685348586703,8.0,1.0,
599.0,43.0,,Female,Bandung,1545.0947574447637,2.0,0.0,1.0
600.0,70.0,45889.0,Female,,1485.7283175562027,4.0,1.0,0.0
601.0,,,Male,Jakarta,,1.0,0.0,0.0
602.0,40.0,63204.0,Male,,163.2346010805108,6.0,0.0,1.0
603.0,26.0,72137.0,Female,Bandung,244.91750061703834,8.0,0.0,1.0
604.0,29.0,72855.0,Male,Jakarta,623.6027066338554,7.0,1.0,0.0
605.0,70.0,55579.0,Female,Bandung,306.53107054173995,,,1.0
606.0,18.0,47421.0,Female,Bandung,536.5554351317462,4.0,0.0,1.0
607.0,75.0,,Male,Medan,2193.40885577617,3.0,1.0,0.0
608.0,75.0,57831.0,Female,Surabaya,1739.130351162201,6.0,0.0,0.0
609.0,18.0,57771.0,Female,Surabaya,994.3600588281412,,1.0,0.0
610.0,64.0,69619.0,Male,Surabaya,1952.7764278450506,3.0,1.0,1.0
611.0,51.0,,Female,Medan,1531.4236715578043,1.0,1.0,1.0
612.0,49.0,46921.0,Female,Medan,560.3396806040679,8.0,1.0,
613.0,79.0,,Male,Surabaya,224.47587853051,2.0,0.0,0.0
614.0,71.0,67583.0,Female,Medan,721.9604032342635,5.0,1.0,1.0
615.0,65.0,48487.0,,Medan,1332.6735311545272,4.0,1.0,1.0
616.0,42.0,72478.0,Female,Medan,573.445273745344,6.0,1.0,1.0
617.0,57.0,75284.0,Male,Surabaya,1098.9280678728069,4.0,0.0,0.0
618.0,62.0,43095.0,Male,Surabaya,99.07743593126817,5.0,1.0,1.0
619.0,70.0,75983.0,Male,Surabaya,1378.344986771961,5.0,1.0,0.0
620.0,18.0,66126.0,Female,Medan,1675.1163891705612,6.0,1.0,1.0
621.0,33.0,85528.0,Male,Surabaya,1227.0294297901673,3.0,0.0,1.0
622.0,78.0,,Male,Medan,3419.267289291248,5.0,1.0,0.0
623.0,56.0,44698.0,Male,Jakarta,1752.4544757455399,5.0,1.0,1.0
624.0,22.0,19600.0,Male,Medan,2334.011034383868,4.0,1.0,
625.0,39.0,58567.0,Male,Bandung,2711.6228272023773,4.0,0.0,1.0
626.0,46.0,55628.0,Female,Surabaya,1616.200687906822,4.0,1.0,
627.0,72.0,41555.0,Female,Surabaya,1121.6522068804918,4.0,1.0,1.0
628.0,20.0,48772.0,Female,Bandung,5.734995052444853,6.0,1.0,1.0
629.0,29.0,,Female,Medan,627.0331884221744,6.0,0.0,
630.0,,67976.0,Female,Jakarta,846.6767501016474,6.0,0.0,0.0
631.0,33.0,42654.0,Female,Bandung,362.449114490199,7.0,1.0,0.0
632.0,68.0,96410.0,Female,Bandung,382.87878081932513,5.0,,0.0
633.0,54.0,47365.0,Male,Medan,3248.2895921645745,8.0,1.0,0.0
634.0,39.0,38605.0,Female,Surabaya,2222.950455056525,4.0,0.0,1.0
635.0,74.0,43815.0,Male,Medan,1891.6616122876192,5.0,1.0,1.0
636.0,46.0,28820.0,Male,Bandung,520.8958280089727,1.0,1.0,1.0
637.0,31.0,57234.0,Female,Bandung,13.793241296933,7.0,1.0,0.0
638.0,45.0,43701.0,Male,Surabaya,83.62321035679513,5.0,1.0,1.0
639.0,22.0,66968.0,,Surabaya,374.25190070946127,9.0,1.0,1.0
640.0,64.0,45878.0,Male,Surabaya,15.86814877341998,5.0,1.0,0.0
641.0,66.0,70766.0,Male,Medan,17.298542688134933,8.0,1.0,0.0
642.0,47.0,61361.0,Female,Surabaya,2484.146558439564,9.0,0.0,0.0
643.0,63.0,50428.0,Female,Bandung,1224.7147798763604,5.0,0.0,1.0
,,73703.0,Female,Bandung,369.5517670373238,9.0,1.0,0.0
645.0,69.0,64284.0,Female,Jakarta,142.30644110918925,5.0,1.0,1.0
646.0,22.0,94193.0,Female,Medan,716.6936718831993,6.0,0.0,0.0
647.0,29.0,,Female,Jakarta,5.3605027110580314,3.0,0.0,1.0
648.0,33.0,51149.0,Female,Bandung,2787.3165479166837,5.0,1.0,0.0
649.0,43.0,73530.0,Female,Jakarta,535.8274464463266,5.0,1.0,1.0
650.0,43.0,26846.0,Female,Bandung,514.7248077755102,8.0,1.0,
651.0,,69754.0,Female,Jakarta,495.26992279368756,7.0,1.0,0.0
652.0,38.0,,Male,Surabaya,71.84872812458656,8.0,1.0,1.0
653.0,56.0,36676.0,Female,Jakarta,1017.0016287594508,12.0,1.0,1.0
654.0,53.0,29554.0,Male,Surabaya,1320.5201773342794,2.0,0.0,0.0
655.0,50.0,39912.0,Male,,1127.3988676985796,6.0,1.0,0.0
656.0,79.0,15727.0,Male,Medan,149.00534866048102,4.0,1.0,0.0
657.0,47.0,42656.0,Male,,864.7428689764498,7.0,0.0,0.0
658.0,54.0,59338.0,Female,Surabaya,842.771914352106,4.0,1.0,0.0
659.0,40.0,42855.0,Male,Jakarta,2028.0702386895393,4.0,1.0,1.0
660.0,,70824.0,Female,Bandung,476.6297872237799,3.0,1.0,1.0
,27.0,,Female,Medan,464.39688630046857,6.0,1.0,0.0
662.0,71.0,69134.0,Male,,963.7153579504961,6.0,1.0,0.0
663.0,22.0,53459.0,Female,Medan,1002.5914164641374,4.0,1.0,0.0
664.0,53.0,15129.0,Male,Jakarta,633.5305533303004,7.0,1.0,0.0
665.0,51.0,39444.0,Male,Surabaya,585.2966198338817,6.0,0.0,0.0
666.0,,47869.0,Female,Jakarta,681.5104914933212,6.0,1.0,0.0
667.0,48.0,36591.0,Female,Medan,1973.6072946742713,6.0,1.0,0.0
668.0,27.0,47907.0,Male,Jakarta,618.3494058462704,2.0,0.0,0.0
669.0,75.0,74151.0,Female,Medan,2812.2745619254847,4.0,0.0,0.0
670.0,36.0,25313.0,Female,Jakarta,701.1869401818163,2.0,1.0,0.0
671.0,75.0,77175.0,Female,Medan,2979.8725697839363,4.0,1.0,0.0
672.0,49.0,63270.0,Male,Bandung,1788.755397188663,4.0,0.0,1.0
673.0,18.0,54023.0,Male,Jakarta,,3.0,0.0,1.0
674.0,73.0,39295.0,Female,Jakarta,1992.4672548865565,5.0,1.0,1.0
675.0,22.0,36890.0,Female,Bandung,116.60492462804157,6.0,0.0,0.0
676.0,62.0,25606.0,Female,Bandung,2590.896367925724,4.0,1.0,0.0
677.0,21.0,75751.0,Female,Jakarta,998.7041006951101,4.0,1.0,0.0
678.0,33.0,73064.0,Female,Bandung,55.925848666563645,2.0,1.0,0.0
679.0,41.0,28905.0,Male,Surabaya,1033.5459421227883,9.0,1.0,
680.0,33.0,41710.0,Female,Medan,3659.229554847332,9.0,0.0,0.0
681.0,72.0,56497.0,Male,Medan,72.35636592774486,8.0,,0.0
682.0,19.0,45507.0,Female,Medan,808.979467170284,6.0,0.0,0.0
683.0,,21219.0,Male,Surabaya,1377.5104518932883,8.0,1.0,0.0
684.0,45.0,40133.0,Female,Bandung,1662.0931164287842,4.0,1.0,1.0
685.0,49.0,79265.0,Male,Bandung,534.1411049602656,7.0,0.0,0.0
686.0,44.0,41150.0,,Jakarta,228.36536021881727,6.0,,1.0
687.0,37.0,47547.0,Male,Bandung,43.26484958376246,6.0,1.0,0.0
688.0,41.0,32822.0,Male,Jakarta,866.8487732575127,7.0,1.0,1.0
689.0,29.0,58816.0,Male,Surabaya,603.143912567105,2.0,1.0,0.0
690.0,67.0,51727.0,Male,Medan,2970.9303040108407,7.0,,1.0
691.0,52.0,38869.0,Male,Medan,62.51912971086202,6.0,1.0,0.0
692.0,77.0,30430.0,Male,Medan,1156.4384869608439,6.0,1.0,1.0
,50.0,71068.0,Female,Bandung,25.283164604950127,6.0,1.0,0.0
694.0,50.0,25916.0,Male,Jakarta,188.05899652130495,5.0,1.0,0.0
695.0,78.0,57557.0,Female,Jakarta,604.3655379407421,7.0,0.0,
696.0,68.0,,Female,Surabaya,606.7354618013045,5.0,1.0,1.0
697.0,,60608.0,Female,Bandung,1157.409062617727,9.0,1.0,0.0
698.0,,64554.0,Female,Surabaya,2410.315468639268,6.0,1.0,
699.0,29.0,66421.0,Female,Jakarta,1018.9664074841871,5.0,1.0,0.0
700.0,20.0,47581.0,Male,Jakarta,,3.0,1.0,1.0
701.0,18.0,73760.0,Male,Medan,2133.8186588215244,10.0,1.0,
702.0,50.0,84616.0,Male,Bandung,878.2721725827606,3.0,1.0,0.0
703.0,57.0,45175.0,Female,Jakarta,1794.5149676421963,4.0,0.0,1.0
704.0,27.0,,Male,Medan,1028.8370322302744,4.0,0.0,1.0
705.0,60.0,52237.0,Male,Bandung,81.81526121947735,5.0,1.0,0.0
706.0,61.0,42834.0,Male,Surabaya,1349.2480227435792,8.0,1.0,1.0
707.0,46.0,40641.0,Male,Bandung,99.71917052920145,2.0,1.0,0.0
708.0,30.0,41948.0,Male,Bandung,901.6060331982623,12.0,0.0,1.0
709.0,29.0,75736.0,Female,Jakarta,1212.8124452795948,4.0,0.0,1.0
710.0,48.0,61578.0,Male,Jakarta,68.84389138238325,2.0,0.0,0.0
711.0,63.0,42785.0,Female,Bandung,262.39731511814904,3.0,1.0,1.0
712.0,19.0,13173.0,Female,Jakarta,,1.0,1.0,0.0
713.0,78.0,26833.0,Female,Jakarta,957.9320521399337,8.0,0.0,0.0
,68.0,57551.0,Female,Jakarta,282.7423182324953,8.0,1.0,0.0
715.0,67.0,18176.0,Female,,1173.378199386431,6.0,1.0,0.0
716.0,52.0,54394.0,Male,Medan,908.2640816971245,3.0,0.0,1.0
,40.0,34016.0,Male,Bandung,696.303556513546,5.0,1.0,0.0
718.0,34.0,51377.0,Male,,3737.522578593749,5.0,1.0,0.0
719.0,43.0,50957.0,Female,Medan,1150.2860051148798,5.0,0.0,1.0
720.0,25.0,51808.0,Male,Bandung,470.7096538911507,3.0,0.0,0.0
721.0,46.0,44083.0,Male,Jakarta,1609.8051402383173,9.0,1.0,0.0
722.0,43.0,43590.0,Female,Surabaya,2159.206160007426,6.0,1.0,0.0
723.0,27.0,39188.0,Female,Jakarta,133.78349241824137,7.0,1.0,1.0
724.0,43.0,57258.0,,Jakarta,,5.0,1.0,0.0
725.0,79.0,62077.0,Female,Medan,243.63585301903896,4.0,0.0,0.0
726.0,51.0,,Male,Bandung,1175.0997043948526,,1.0,0.0
727.0,68.0,49225.0,Female,Bandung,923.9186381537528,3.0,1.0,1.0
728.0,58.0,52948.0,Female,Medan,964.9337642018013,11.0,1.0,0.0
729.0,24.0,52756.0,Male,Jakarta,2826.382820012136,4.0,1.0,1.0
730.0,21.0,52501.0,Male,Surabaya,1495.7143622719593,6.0,1.0,1.0
731.0,75.0,43969.0,Female,Jakarta,136.89352341367697,8.0,1.0,1.0
732.0,70.0,54185.0,Male,Jakarta,,4.0,1.0,0.0
733.0,67.0,59270.0,Female,,571.6265095522049,10.0,1.0,0.0
734.0,62.0,52115.0,Female,Medan,504.1174882806514,4.0,0.0,1.0
735.0,28.0,57589.0,Male,Bandung,1106.5696924807612,6.0,1.0,0.0
736.0,46.0,64855.0,Male,Medan,2224.6347567103153,6.0,1.0,0.0
737.0,73.0,22235.0,Female,Medan,365.3574761569167,5.0,1.0,0.0
738.0,53.0,64151.0,Female,Jakarta,802.6878351066977,4.0,,1.0
739.0,42.0,55136.0,Female,Bandung,1557.8394187141364,7.0,0.0,1.0
740.0,38.0,33325.0,Male,Bandung,538.2277543145459,3.0,0.0,
741.0,78.0,62037.0,Female,Medan,184.06482949037382,6.0,0.0,1.0
742.0,74.0,44025.0,Female,Surabaya,,5.0,1.0,0.0
743.0,,46070.0,Female,Medan,56.80585090194893,2.0,1.0,1.0
744.0,27.0,,Female,Surabaya,2853.945495625741,5.0,0.0,0.0
745.0,54.0,54535.0,Female,Bandung,77.76826846703173,1.0,0.0,1.0
746.0,26.0,38219.0,Male,Medan,,,1.0,0.0
747.0,41.0,63522.0,Female,Jakarta,754.7699802032695,6.0,0.0,0.0
748.0,52.0,47917.0,Female,Medan,4220.168519000888,6.0,1.0,0.0
749.0,66.0,44536.0,Female,Bandung,181.5480444032466,12.0,1.0,0.0
750.0,52.0,61293.0,,,121.52548834340946,3.0,0.0,1.0
751.0,65.0,45206.0,Male,Jakarta,8.744266973853865,4.0,0.0,0.0
752.0,53.0,64222.0,Male,Surabaya,169.09513703969506,3.0,0.0,0.0
753.0,35.0,64693.0,Male,Jakarta,232.27635250876483,4.0,1.0,0.0
754.0,66.0,,Female,Jakarta,995.8236196488191,0.0,0.0,0.0
755.0,56.0,66638.0,Female,Medan,248.08552018025517,7.0,1.0,0.0
756.0,49.0,28069.0,Male,Bandung,20.73429218507464,7.0,1.0,0.0
757.0,41.0,67573.0,Male,Surabaya,1752.2600189783873,3.0,0.0,0.0
758.0,40.0,80425.0,Male,Medan,455.0688322089968,4.0,0.0,0.0
759.0,,,Female,Jakarta,436.4863599752824,6.0,1.0,0.0
760.0,49.0,17645.0,Female,Jakarta,360.2227000295149,4.0,1.0,1.0
761.0,54.0,,Male,Surabaya,3703.9231307742,3.0,1.0,1.0
762.0,29.0,83691.0,Male,Bandung,186.46864485994865,4.0,0.0,0.0
763.0,66.0,45454.0,Male,Surabaya,2285.1191539545166,7.0,0.0,1.0
764.0,,49479.0,Female,Medan,1499.7019775285692,5.0,0.0,1.0
765.0,30.0,32172.0,Female,Surabaya,79.5627746507386,4.0,1.0,0.0
766.0,40.0,54681.0,Female,Jakarta,4322.181723875819,11.0,1.0,1.0
767.0,42.0,69037.0,Male,Medan,316.58368061957367,2.0,,0.0
768.0,52.0,60466.0,Male,Jakarta,103.78722839287977,4.0,1.0,1.0
769.0,58.0,97129.0,Female,,1767.9310394527524,5.0,0.0,0.0
770.0,47.0,50495.0,Male,Jakarta,1226.4758890815874,4.0,1.0,0.0
771.0,34.0,25539.0,Female,Jakarta,,4.0,1.0,0.0
772.0,,52564.0,Male,Surabaya,169.58011130072003,1.0,1.0,1.0
773.0,79.0,13753.0,,Jakarta,651.0385573129752,2.0,1.0,1.0
,,42003.0,Male,Medan,1516.658326825909,9.0,1.0,0.0
775.0,65.0,74365.0,Male,Medan,361.86544580848806,6.0,1.0,0.0
776.0,42.0,54877.0,Female,Bandung,373.51571199565416,7.0,1.0,0.0
777.0,,,Male,Medan,3.1458490465664863,6.0,,0.0
778.0,30.0,77311.0,Female,Surabaya,191.45522400187355,4.0,1.0,0.0
779.0,76.0,45941.0,Female,Bandung,2082.6918190879533,10.0,0.0,0.0
780.0,36.0,68927.0,Female,Medan,582.9421037096644,3.0,1.0,1.0
781.0,66.0,51939.0,Male,,4149.931222102274,9.0,0.0,1.0
782.0,53.0,55700.0,Female,Medan,503.69769388082597,0.0,1.0,0.0
783.0,29.0,31740.0,Female,Medan,1255.9205401126433,8.0,1.0,0.0
784.0,78.0,42769.0,Female,Jakarta,331.17296267554053,7.0,1.0,1.0
,58.0,29037.0,Male,Medan,452.2574540430544,,0.0,1.0
786.0,36.0,48571.0,Male,Medan,211.61771419202154,3.0,0.0,1.0
787.0,29.0,55856.0,,Surabaya,426.2736649859736,4.0,1.0,1.0
788.0,26.0,33349.0,Male,Surabaya,792.3876186462967,4.0,1.0,1.0
789.0,24.0,80737.0,Female,Jakarta,4800.319383809852,5.0,1.0,0.0
790.0,45.0,54171.0,,Medan,1091.2446358162288,8.0,1.0,0.0
791.0,31.0,50866.0,Male,Jakarta,222.201438252512,8.0,1.0,1.0
792.0,48.0,61544.0,Female,Medan,46.003564019662065,4.0,1.0,0.0
793.0,69.0,37566.0,Male,,135.08285988712805,1.0,1.0,0.0
794.0,36.0,,Male,Bandung,826.8047554835134,,1.0,0.0
795.0,75.0,39247.0,Female,,1448.852247960724,3.0,1.0,1.0
,64.0,73380.0,Male,Jakarta,2820.4220269977764,2.0,,1.0
797.0,33.0,34120.0,Male,Jakarta,15.949694819316067,7.0,0.0,0.0
798.0,70.0,50947.0,Female,Surabaya,739.7360666007439,2.0,1.0,0.0
799.0,22.0,54939.0,Female,Surabaya,636.5161341753276,8.0,0.0,1.0
800.0,52.0,55922.0,Male,Surabaya,1067.2735820055116,6.0,1.0,0.0
801.0,29.0,41281.0,Male,Jakarta,820.0238609023919,4.0,1.0,0.0
802.0,42.0,36567.0,Female,Medan,1161.6771779985208,6.0,1.0,1.0
803.0,69.0,41498.0,Male,Bandung,1073.1860469543508,5.0,,0.0
804.0,76.0,57924.0,Male,Jakarta,124.44335690115639,3.0,0.0,0.0
805.0,,47842.0,Male,Surabaya,1608.0284742525018,9.0,0.0,1.0
806.0,53.0,61943.0,Male,Surabaya,131.51351643971122,5.0,,0.0
807.0,70.0,57155.0,Male,Jakarta,1199.086844123812,5.0,,1.0
808.0,40.0,15846.0,Male,Jakarta,538.1032443317561,6.0,1.0,0.0
809.0,33.0,53712.0,Male,Surabaya,721.2395717357333,5.0,1.0,0.0
810.0,74.0,83756.0,Female,Medan,,4.0,1.0,0.0
811.0,56.0,69879.0,Female,Surabaya,2206.2184393955267,3.0,1.0,0.0
812.0,62.0,56330.0,Female,Surabaya,1702.959374051728,2.0,1.0,1.0
813.0,70.0,34109.0,Female,Jakarta,713.6527509936712,6.0,1.0,1.0
814.0,59.0,57163.0,,Medan,1332.7149603744904,3.0,0.0,1.0
815.0,75.0,61096.0,Male,,719.2797932665585,4.0,1.0,0.0
816.0,56.0,46193.0,Male,Surabaya,2037.1952753227101,6.0,1.0,1.0
,31.0,54751.0,Male,Bandung,,4.0,1.0,0.0
818.0,48.0,72644.0,Male,Jakarta,,7.0,0.0,1.0
819.0,75.0,37140.0,Female,Bandung,2693.005318487412,9.0,0.0,1.0
820.0,22.0,34125.0,Male,Bandung,1353.2566443223843,10.0,1.0,0.0
821.0,52.0,60390.0,Male,Surabaya,327.69312389759455,7.0,1.0,0.0
822.0,40.0,56863.0,Female,Jakarta,141.1645526855122,6.0,1.0,0.0
823.0,46.0,65432.0,Male,Medan,1928.9784533071986,5.0,1.0,0.0
824.0,60.0,58546.0,Male,Surabaya,180.6856390029973,,1.0,1.0
825.0,28.0,41483.0,Female,Medan,1925.9364804868885,2.0,0.0,0.0
826.0,35.0,56482.0,Male,Medan,674.8456925712958,3.0,1.0,0.0
827.0,64.0,32868.0,Male,,521.8137456817087,4.0,1.0,0.0
828.0,29.0,46245.0,Male,Bandung,2335.0130292616427,10.0,1.0,1.0
829.0,26.0,57541.0,Male,Jakarta,925.9648317968016,2.0,1.0,0.0
830.0,27.0,44592.0,,Medan,859.4710033267627,1.0,1.0,0.0
831.0,75.0,87020.0,Female,Surabaya,818.1798065136336,4.0,1.0,0.0
832.0,61.0,,Female,Medan,463.8935594295342,9.0,0.0,1.0
833.0,34.0,41787.0,Female,Surabaya,1540.112912577143,6.0,1.0,0.0
834.0,78.0,35933.0,,Surabaya,291.4203096496684,10.0,1.0,1.0
835.0,55.0,39494.0,Female,Jakarta,2795.160929156949,6.0,1.0,0.0
,24.0,40355.0,Female,Medan,2244.176619581086,4.0,1.0,0.0
837.0,63.0,30103.0,Male,,411.70502446821644,4.0,0.0,0.0
838.0,30.0,61290.0,Female,,1307.349251888729,9.0,0.0,0.0
839.0,57.0,41793.0,Female,Medan,851.4941060396972,5.0,1.0,0.0
840.0,,52453.0,Male,Bandung,411.96010802775896,4.0,1.0,
841.0,26.0,43477.0,Male,Jakarta,4467.292452005864,2.0,1.0,1.0
842.0,67.0,39636.0,Female,Medan,25.561269257826083,5.0,1.0,0.0
843.0,44.0,75084.0,Male,Medan,291.2163514929747,4.0,1.0,0.0
844.0,75.0,63843.0,Female,Surabaya,734.1234809663047,5.0,0.0,1.0
845.0,19.0,21976.0,Male,Medan,738.0462322411829,2.0,1.0,
846.0,22.0,20387.0,Female,Bandung,,6.0,1.0,1.0
847.0,46.0,65639.0,Male,Surabaya,1393.0216266056145,5.0,1.0,1.0
848.0,54.0,42202.0,Male,Jakarta,976.7783503928513,4.0,0.0,0.0
849.0,55.0,25263.0,,Surabaya,916.9946308730308,4.0,1.0,1.0
850.0,36.0,65686.0,Female,Bandung,54.99958886476593,2.0,0.0,0.0
851.0,25.0,52536.0,Female,Bandung,472.4550920897409,4.0,1.0,0.0
852.0,65.0,,Female,Surabaya,264.0381262042364,6.0,1.0,0.0
853.0,62.0,62143.0,Female,Jakarta,308.38845979475695,5.0,0.0,0.0
,18.0,30350.0,Male,Surabaya,808.1932823050354,7.0,1.0,0.0
855.0,39.0,25527.0,Female,,222.52538607972468,1.0,1.0,0.0
856.0,69.0,73714.0,Female,Surabaya,348.06794921069,2.0,0.0,0.0
857.0,34.0,,Male,Bandung,270.6082741981679,5.0,0.0,0.0
858.0,24.0,31666.0,Male,Medan,2966.230622813421,6.0,1.0,0.0
859.0,42.0,34663.0,Female,Medan,2894.3628909621284,8.0,1.0,0.0
860.0,62.0,81199.0,Male,Jakarta,941.4587013310842,5.0,1.0,0.0
861.0,21.0,57400.0,Male,Jakarta,2583.920266116569,9.0,,0.0
862.0,53.0,64481.0,Female,Jakarta,1540.9041585112316,1.0,1.0,0.0
863.0,23.0,52942.0,Male,Bandung,891.471012244686,3.0,1.0,0.0
,77.0,40971.0,Male,Surabaya,6.456006732802242,5.0,1.0,1.0
865.0,48.0,59469.0,Female,Bandung,1480.6766303158308,4.0,0.0,1.0
866.0,36.0,26650.0,Female,Medan,1212.3018668263599,2.0,1.0,0.0
867.0,78.0,33570.0,Male,Jakarta,955.1710015191808,4.0,1.0,1.0
868.0,61.0,60994.0,Male,Surabaya,1428.885885678996,,0.0,0.0
869.0,71.0,29641.0,,Medan,719.3313427458439,3.0,0.0,0.0
870.0,56.0,47163.0,Male,Medan,,9.0,0.0,1.0
871.0,44.0,47847.0,Male,Medan,2736.0190079809104,5.0,,0.0
872.0,27.0,42070.0,Male,Bandung,471.29248481710033,2.0,1.0,1.0
873.0,,20733.0,Female,Jakarta,1231.4188065942183,6.0,1.0,0.0
874.0,36.0,40566.0,Male,Medan,645.6680049052318,6.0,0.0,0.0
875.0,56.0,37625.0,Male,Jakarta,1122.0845754869451,6.0,0.0,0.0
,79.0,52421.0,Female,Bandung,1439.2451781420089,4.0,1.0,0.0
877.0,20.0,51657.0,Male,Medan,46.51787323659309,8.0,1.0,0.0
878.0,62.0,55669.0,Male,Bandung,1040.1559753187842,5.0,0.0,0.0
879.0,30.0,39860.0,Female,Bandung,257.14146677964305,8.0,1.0,1.0
880.0,67.0,57841.0,Female,Jakarta,1108.7612287997222,9.0,1.0,0.0
881.0,45.0,26659.0,Female,Medan,631.7326325751192,5.0,0.0,0.0
882.0,79.0,22671.0,Female,Bandung,1485.2432170898132,6.0,1.0,0.0
883.0,75.0,14966.0,Male,Medan,131.7054209608956,6.0,0.0,1.0
884.0,37.0,42510.0,Male,,984.3617560434624,6.0,1.0,0.0
885.0,45.0,38700.0,Female,Bandung,326.3823318441592,6.0,,0.0
886.0,25.0,61839.0,Female,Jakarta,,,1.0,1.0
887.0,78.0,40270.0,Male,Medan,2636.429863338222,,1.0,0.0
888.0,58.0,54100.0,Female,Medan,5626.34756777202,6.0,1.0,
889.0,56.0,62199.0,Male,Jakarta,1589.6715722045399,8.0,1.0,1.0
890.0,18.0,39705.0,Female,Surabaya,1401.3433124049168,6.0,0.0,1.0
891.0,20.0,54470.0,Male,Bandung,242.7096741359052,8.0,1.0,0.0
892.0,30.0,65028.0,Female,Medan,409.4837605714127,5.0,0.0,0.0
893.0,45.0,31427.0,Female,Medan,626.7651255798881,6.0,1.0,1.0
894.0,79.0,50372.0,Male,Bandung,1484.485296561055,8.0,0.0,0.0
895.0,74.0,39769.0,Female,Jakarta,2464.7025157884095,2.0,1.0,1.0
896.0,77.0,32382.0,Male,Jakarta,,8.0,0.0,0.0
897.0,66.0,26953.0,Male,Jakarta,2555.7689275707603,2.0,1.0,0.0
898.0,42.0,32140.0,Male,Surabaya,1189.493642982676,8.0,1.0,0.0
899.0,73.0,50900.0,Male,Surabaya,943.5867277082243,3.0,1.0,1.0
900.0,50.0,25837.0,Male,Medan,222.94516009747306,9.0,1.0,1.0
901.0,55.0,41739.0,,Jakarta,57.12609616009457,7.0,1.0,1.0
902.0,70.0,62197.0,Female,Bandung,840.4064241610267,,1.0,1.0
903.0,23.0,56735.0,Male,Medan,1054.1620521726534,4.0,0.0,0.0
904.0,75.0,42042.0,,Bandung,236.71199947724892,8.0,1.0,0.0
905.0,61.0,75345.0,Male,Medan,812.9587353781169,3.0,1.0,1.0
906.0,62.0,78395.0,Female,Surabaya,1941.374271059248,5.0,1.0,1.0
907.0,49.0,50391.0,Female,Medan,1802.2095543950313,3.0,0.0,1.0
908.0,62.0,12971.0,Female,Surabaya,2622.1732003356556,4.0,,1.0
909.0,78.0,63296.0,Female,Medan,455.5262296539482,2.0,1.0,0.0
910.0,64.0,15590.0,,Jakarta,,2.0,1.0,0.0
911.0,38.0,72142.0,Male,Bandung,1384.0010167687149,5.0,1.0,1.0
912.0,33.0,66253.0,Female,Jakarta,564.0724128719689,9.0,0.0,0.0
913.0,71.0,76613.0,Female,Medan,91.62052538901244,6.0,1.0,0.0
914.0,38.0,53903.0,Male,Medan,332.4021137589548,5.0,1.0,1.0
915.0,28.0,44579.0,Female,Medan,542.2858226794316,1.0,1.0,0.0
916.0,77.0,43248.0,Male,Surabaya,346.04086595509585,6.0,0.0,1.0
917.0,54.0,41806.0,Male,Bandung,403.7748937465554,6.0,0.0,0.0
918.0,53.0,64716.0,Male,,347.8226785031339,3.0,1.0,1.0
919.0,52.0,60684.0,Female,Medan,42.38484762157219,4.0,0.0,1.0
920.0,36.0,51803.0,Male,Medan,1013.6133625672794,4.0,1.0,0.0
921.0,37.0,39167.0,Female,Surabaya,909.5445892344894,4.0,1.0,0.0
,74.0,89438.0,Male,,1059.5362931359584,5.0,1.0,0.0
923.0,35.0,63685.0,Female,Jakarta,213.5768287243676,7.0,0.0,0.0
924.0,64.0,26034.0,Female,Bandung,350.4863352450515,,1.0,0.0
925.0,58.0,42256.0,Female,Surabaya,,5.0,1.0,0.0
926.0,66.0,63976.0,Male,Medan,915.3600862090057,13.0,1.0,0.0
927.0,31.0,38006.0,Male,Bandung,705.8886278527982,8.0,1.0,0.0
928.0,32.0,55273.0,Female,Surabaya,431.4188875258799,2.0,1.0,0.0
929.0,48.0,64261.0,Female,Jakarta,2441.0544260576276,3.0,1.0,1.0
930.0,18.0,-826.0,Female,Surabaya,415.16738681155925,5.0,1.0,0.0
,70.0,48379.0,Male,Jakarta,608.1061969893584,9.0,1.0,1.0
932.0,71.0,,Male,Surabaya,1133.5573082180763,7.0,1.0,1.0
933.0,,43818.0,Male,Bandung,783.1187838631547,,1.0,1.0
934.0,20.0,54525.0,Male,Jakarta,426.0035498869448,7.0,1.0,1.0
935.0,33.0,59862.0,Female,Bandung,572.0714215723586,5.0,0.0,0.0
936.0,40.0,52130.0,Female,Bandung,1582.215905623548,6.0,1.0,1.0
937.0,74.0,44392.0,Male,Jakarta,325.9090418067985,4.0,1.0,0.0
938.0,28.0,59489.0,Male,Jakarta,153.44870600815938,3.0,0.0,1.0
939.0,29.0,50735.0,Female,Medan,375.65857222956424,7.0,,1.0
940.0,27.0,46539.0,Male,Medan,1894.0195660746576,6.0,0.0,0.0
941.0,49.0,30315.0,Male,Medan,93.20109183678422,4.0,1.0,0.0
942.0,33.0,,Male,Bandung,4791.0267883938595,5.0,1.0,0.0
943.0,25.0,30031.0,Male,Bandung,778.7113846880777,5.0,1.0,
944.0,55.0,54174.0,Male,Medan,4189.473860214732,3.0,1.0,0.0
945.0,29.0,48813.0,Male,Bandung,2796.8227622006866,2.0,1.0,0.0
946.0,41.0,27795.0,Female,Bandung,602.9659755078167,1.0,1.0,0.0
947.0,,59688.0,Male,Jakarta,221.25917113096324,3.0,1.0,0.0
948.0,70.0,70614.0,Male,Jakarta,180.18557151376206,2.0,1.0,1.0
949.0,25.0,41022.0,Female,Bandung,274.4228508917375,6.0,1.0,1.0
950.0,75.0,,Female,Medan,1238.331841889355,4.0,1.0,0.0
951.0,45.0,39363.0,Female,Surabaya,318.76002077621894,4.0,0.0,0.0
952.0,53.0,62816.0,Male,Medan,417.67727844329136,7.0,1.0,0.0
953.0,43.0,58227.0,Female,Surabaya,595.619105730698,4.0,0.0,0.0
954.0,25.0,36163.0,Male,Medan,2444.5252307620535,3.0,1.0,1.0
955.0,75.0,72817.0,Male,Jakarta,209.97244476765934,4.0,1.0,
956.0,77.0,70224.0,Male,Bandung,5.0392282196261124,4.0,1.0,0.0
957.0,67.0,39004.0,Female,Bandung,61.97797321025389,5.0,1.0,1.0
958.0,45.0,38850.0,Female,Jakarta,2351.421845889954,6.0,1.0,1.0
959.0,45.0,41107.0,Female,Surabaya,1042.7513665962008,3.0,,0.0
960.0,54.0,42390.0,Female,Surabaya,318.8846755374778,4.0,1.0,0.0
961.0,58.0,64258.0,,Surabaya,195.03300725749602,3.0,1.0,0.0
962.0,53.0,56379.0,Male,Jakarta,348.51792681215085,2.0,0.0,1.0
963.0,44.0,63156.0,Male,Surabaya,121.93819956327819,0.0,0.0,1.0
,71.0,60103.0,Male,Jakarta,2839.291252010424,5.0,1.0,0.0
965.0,34.0,,Male,Medan,1533.4318380839484,4.0,1.0,0.0
966.0,26.0,34109.0,Female,Medan,620.6240779148308,7.0,0.0,1.0
967.0,50.0,55705.0,Female,Jakarta,2002.203539754236,1.0,1.0,1.0
968.0,70.0,17392.0,Male,Bandung,286.95993897724213,3.0,0.0,1.0
969.0,37.0,30245.0,Female,Medan,1262.7345091226657,5.0,0.0,0.0
970.0,30.0,48877.0,Female,Surabaya,1938.8625350273608,5.0,1.0,0.0
971.0,45.0,56273.0,Male,Jakarta,441.2509174361885,7.0,1.0,0.0
972.0,65.0,48472.0,Male,Surabaya,1416.6069626537053,2.0,,0.0
973.0,46.0,41492.0,Female,Surabaya,349.6601045059183,4.0,1.0,0.0
974.0,30.0,44158.0,Female,,355.0436113698952,4.0,,0.0
975.0,63.0,70541.0,Male,Surabaya,113.23272989155969,4.0,1.0,0.0
976.0,52.0,44239.0,Male,Bandung,579.9221551065083,6.0,0.0,1.0
977.0,78.0,76238.0,Male,Medan,1308.2668758649802,8.0,1.0,0.0
978.0,23.0,61910.0,Female,,2817.097597815753,6.0,0.0,1.0
979.0,35.0,,Male,Surabaya,925.8285524423587,5.0,1.0,0.0
980.0,68.0,32096.0,Male,Jakarta,1988.764169398766,3.0,0.0,1.0
981.0,22.0,64028.0,Female,Surabaya,1728.754525677222,2.0,1.0,0.0
982.0,64.0,42593.0,Female,Jakarta,190.3654861917285,7.0,0.0,1.0
,42.0,32083.0,,,665.1768799263424,3.0,1.0,0.0
984.0,19.0,57692.0,Female,Surabaya,124.34348589342973,6.0,1.0,0.0
985.0,27.0,29180.0,Female,Surabaya,1146.1856523587523,2.0,1.0,1.0
986.0,73.0,38566.0,Male,Surabaya,,7.0,0.0,0.0
987.0,47.0,49848.0,Male,Surabaya,147.44425269090283,4.0,0.0,0.0
988.0,67.0,83276.0,Female,Surabaya,1323.8197088046693,9.0,0.0,1.0
989.0,76.0,39696.0,Female,Surabaya,1000.3196994020178,9.0,1.0,1.0
990.0,62.0,43126.0,Female,Surabaya,876.1210388757258,3.0,1.0,0.0
991.0,22.0,60985.0,Female,Surabaya,494.4934472891876,10.0,0.0,0.0
992.0,72.0,31425.0,Female,Jakarta,438.70908806330453,8.0,0.0,0.0
993.0,73.0,56642.0,Male,Bandung,46.304903459629855,3.0,1.0,0.0
994.0,50.0,68088.0,Male,,245.78380388485724,6.0,0.0,1.0
995.0,71.0,45393.0,Male,,15.293229861447857,5.0,0.0,0.0
996.0,18.0,65392.0,Male,Surabaya,870.880333594054,4.0,0.0,0.0
997.0,35.0,54371.0,Female,Surabaya,111.8853515976686,1.0,0.0,1.0
998.0,49.0,39039.0,Male,Jakarta,2063.7209130801384,3.0,0.0,0.0
999.0,64.0,47032.0,Female,Medan,740.5386667995983,5.0,0.0,1.0
1000.0,66.0,44303.0,Female,Medan,1202.9397016893124,5.0,1.0,0.0
